x1,x2,x3,x4,x5,x6,y
1.0,1.0,1.0,1.0,0.469788474375634,-0.2585755397381961,-3.9927890326454905
-1.0,-1.0,-0.6455436787812066,-0.6232052604242047,0.1049145058151483,-1.0,3.71565198256568
-1.0,1.0,-0.7140906950322208,1.0,-1.0,-1.0,4.591125473910729
1.0,1.0,0.2189161225639748,1.0,1.0,-1.0,0.15923586226451247
1.0,0.649165705209316,0.4353896737754903,0.6067068492922323,1.0,-1.0,0.12193708472494857
0.5672317420832116,1.0,1.0,1.0,-0.563609410877161,-0.294962211128426,0.11787769722985297
-0.8931907334669431,-1.0,-1.0,-1.0,-0.6680593459758211,1.0,0.5106531569484514
0.9260318588394472,-0.496637682439641,1.0,1.0,1.0,1.0,-5.043292771869909
1.0,1.0,-1.0,1.0,1.0,1.0,1.6326581215279548
1.0,0.4955878880008333,1.0,0.061206324766887,-0.5666211970533412,-0.4647491223734943,3.2985862924856506
0.9171121914502324,1.0,1.0,1.0,1.0,0.6165039043733429,-9.722237677922912
0.3484017086628039,1.0,0.8031494899947096,0.5829715853721187,1.0,0.575133161211955,-3.414564000040929
1.0,1.0,1.0,1.0,-0.1910328260271485,-1.0,3.7282896459728674
0.1521586360968339,0.3738958489253472,0.6528470159823909,1.0,1.0,0.1980777674232698,-1.1581480188722475
-1.0,0.7847597689701316,-0.1567616253560608,1.0,0.0901546778865196,0.3657199807759133,0.05250043637047774
0.8767477304006779,1.0,1.0,0.731959918791981,0.6567586878690423,-1.0,-2.682131394910937
1.0,0.494379014541308,0.5453218495759207,0.4457881376566133,0.8131635530598513,1.0,-1.2917177585102952
0.5542861045805141,0.8872374076761997,0.7639277655336254,1.0,1.0,1.0,-3.5544694743073646
-1.0,-0.412787438426097,-1.0,-0.6155245317964306,-0.6000167156766023,-1.0,4.107823663912353
0.6665223070968913,0.6387342890129613,1.0,1.0,1.0,0.1335629245464062,-5.356982165149895
0.844328629743113,0.0022850802972012,0.8044022338386401,-0.5205080055356985,1.0,0.0100379696337988,-2.364245030986194
-0.4158680556902427,1.0,-1.0,0.0423908267554655,-0.3631558343149885,1.0,11.96462414699969
-0.4679437504635624,-0.1971412886951873,-0.9999757081288148,-0.4091034291604494,-1.0,0.4956756706521601,-0.15563722159902638
0.2038786672170787,1.0,1.0,-0.3245676679912599,0.1684794776878093,1.0,-1.7654061706330468
-1.0,-1.0,1.0,-1.0,-1.0,-1.0,6.433652283473901
0.2505571170606608,1.0,-1.0,1.0,-0.0646134978860963,-0.5725370133500751,1.2433231891515457
0.6509387892831251,1.0,1.0,0.6985092011625758,-1.0,0.4852639395336391,-0.8706254924657716
1.0,1.0,0.46278168180877,0.1682625704864324,0.5602845845901498,-0.3294766615659568,-1.583690558802175
1.0,1.0,-0.2608692458697645,1.0,1.0,0.9784848930016918,0.8434170296374535
-1.0,-1.0,1.0,-1.0,-0.1363001004198449,-0.3990326086284423,2.2200168306040005
1.0,1.0,1.0,1.0,-1.0,-0.2871192116916663,5.543423974466989
0.7937057300074628,1.0,-0.1981208714886184,0.6953030178572155,-1.0,1.0,8.319749715138185
1.0,1.0,-0.5075021697759312,1.0,-0.3443350965332643,-1.0,8.76646928472693
-1.0,-1.0,-0.2424709098450801,-1.0,-0.1673579427613001,-1.0,4.460927563902846
-1.0,-0.1765917208352017,-0.4802658049655735,-1.0,0.0114455910154367,0.9733831385383728,1.980912886642371
-1.0,-0.4699894502845934,-0.5091660570174028,1.0,-1.0,-1.0,-1.4595947886013372
1.0,1.0,0.5845986715537412,1.0,1.0,-0.9282832392290088,-1.8175152297207298
-0.1918941109696945,-1.0,-1.0,-0.2414439384453339,-1.0,0.5466686704865404,-1.2285877617947607
-0.5041416614395933,-0.2966364248072,-1.0,-1.0,0.5578451125583817,0.9428807797374508,4.9664970452896
-1.0,-0.2496901028133995,-1.0,-0.776309073806807,0.8199000614942185,-0.673390909062227,1.5106343327374243
-1.0,0.9470188382380368,-1.0,1.0,-1.0,-0.9987755464150738,6.153885465028932
-0.6787614454717801,-0.5106920755501381,-1.0,-0.9402128963378688,-1.0,-1.0,3.3296457176401524
1.0,0.127012782439303,-0.9141374525230272,0.6717288377789554,1.0,-0.0956722249911825,-4.214145999830523
-1.0,1.0,-0.2631666773467427,0.4875686238412202,0.6503865240633047,-1.0,4.296445925866397
-0.2857550382274298,-1.0,-0.9279652347076368,-0.7607188629102173,0.0667086659225835,0.9519256594769891,-0.3975312412702866
-0.3985523618448701,-0.3855286801167055,-1.0,-1.0,-0.5855060767373113,-1.0,3.400268995551907
0.1044095311786936,0.0409240316452306,0.8279697502945327,0.5313208231365969,0.0860047896334363,1.0,-0.0725707010867378
-1.0,-1.0,1.0,-0.7037736447590013,-1.0,0.1945261614786471,-0.5979611443851621
0.1514789931120712,0.0270525738180347,0.4316548019984347,0.7330749618237993,1.0,1.0,2.6796818489209877
-0.235815777600044,-0.550863306911443,-1.0,-1.0,-0.8111999258258054,-1.0,3.7435644143621745
-1.0,0.5550173178964484,-1.0,-0.9491251721546512,-0.9356838308809255,-0.7418988064601186,-1.1388908101161404
-1.0,0.0799167442106778,1.0,-0.8593397766532354,0.9333868654072166,0.0484006547404891,1.0655372311748819
0.8674859745102916,1.0,1.0,1.0,-0.8837558208294003,0.6773355109886536,0.5861826854118264
-1.0,1.0,-0.8286274068603956,-0.4366462697264424,1.0,1.0,16.80588309684109
0.984699269576916,1.0,1.0,1.0,-1.0,0.8832705929031393,2.073406044552782
1.0,-1.0,-0.0864450924105506,-1.0,-0.3486787598345076,0.2533783888875149,2.073062589760343
0.1146203512021026,1.0,0.8397880019313022,1.0,1.0,0.3747157241646224,-5.420886074152119
-1.0,-1.0,-0.0490317865638769,-1.0,-1.0,-0.8231687153601013,4.768760731879537
1.0,0.336303021544295,1.0,0.4088066604779412,-1.0,-1.0,7.242648874213113
0.4039898756749582,1.0,1.0,1.0,1.0,-1.0,-6.371395536219585
-1.0,-0.2328278049735737,-1.0,-0.2541087943060269,-0.015458976449528,-0.0737056267837108,-0.9620182623155414
-0.9057842901184568,0.0025440484048746,1.0,-1.0,0.0504534943553234,1.0,-4.657190074120846
1.0,0.4313339332115697,1.0,1.0,0.3419181145554681,0.7191145742043863,-4.813099237496909
-1.0,-0.1490166817032929,-0.5804698102528556,-1.0,-1.0,-1.0,1.1714992969715528
-1.0,-0.5148522641297082,-0.184010231441603,-1.0,0.3214633958018298,0.2494827403397186,0.019288285088340795
-0.3435806757055983,1.0,-0.5550948272372007,-1.0,1.0,1.0,12.0017885147295
-1.0,-0.3004222922138706,-1.0,-1.0,1.0,1.0,7.205712677789128
1.0,-0.8344929501939686,0.8104197130028372,1.0,1.0,1.0,-3.1586358315771896
1.0,1.0,0.0459796829668051,0.9412069772507264,1.0,-1.0,0.46195684854247526
1.0,1.0,-0.0458382099775223,1.0,-0.1733699137133302,-0.5368088338443453,4.261454894707462
1.0,1.0,0.0141364232901886,-1.0,-0.3857711931656988,1.0,9.050949042113633
1.0,1.0,1.0,1.0,1.0,0.1013181683251231,-8.305065807860679
-1.0,0.3013439965946374,0.7404390342650009,1.0,1.0,1.0,1.5854472545739167
-1.0,-0.1799963392024759,-0.48979257018097,-0.4043272059001421,0.0081171088110356,-1.0,3.7336711877742847
-1.0,-1.0,0.8383019337148643,-1.0,0.5868168816618868,1.0,-4.398213733872195
-1.0,-1.0,-0.7836697562811414,-1.0,-1.0,1.0,0.9618203700401515
-0.685975769889507,-1.0,-1.0,-1.0,1.0,1.0,-0.891876649542256
-0.8442294886382182,-0.1156745923410544,-1.0,-1.0,-0.3961560264854771,-0.938507086141058,2.9838627571549696
-0.6673022068230874,-1.0,-1.0,-1.0,-1.0,-0.2714215388335341,-0.20288418895417593
1.0,1.0,-1.0,-1.0,-1.0,-0.4411367704219238,8.460956362519251
1.0,1.0,1.0,0.1810065550402246,-1.0,-1.0,3.2641756278007374
0.9632848058214916,0.4221790066690465,0.9557557643824904,1.0,-0.509356683779044,-1.0,5.641803216736915
0.946588182999512,0.9945188745815678,0.0513172669964032,0.0394675321199817,-1.0,-0.2694484961102712,2.828316512514433
-0.8265290010264472,-0.2823199697548868,-0.9647914881226848,-1.0,-0.6615432357702749,-1.0,3.3851429413991143
-0.1826211659126217,-1.0,-1.0,-1.0,0.3734309229820995,1.0,-1.6426397799654726
1.0,1.0,0.7008200787281496,1.0,1.0,0.3232003074652998,-6.459268415407965
0.8487325288789305,0.9974007463479456,0.8283028833038089,0.2750578719033685,-0.1883466920407843,1.0,-1.0630193621704511
-0.6970503949916302,-0.5385425829109807,1.0,-0.0316244042062321,-1.0,-1.0,0.7010999275872224
-0.7291086401643996,-0.9479008810394384,-0.2130911045397476,-1.0,-0.9447850290892208,0.7809248085914404,1.2033627357863628
-0.2492710775973026,-0.3046456824975398,0.6389144170248615,-1.0,-0.1487567365584294,-1.0,3.6612020145126727
1.0,0.4001836967431353,0.7894818127985814,1.0,0.9835894465104084,0.6264526665378325,-5.436855831916246
-1.0,-1.0,-1.0,-0.9042671783744158,1.0,1.0,-0.8725520235686067
-0.6014292465946676,-0.0250938528548847,-0.432730244955273,-0.7198531652020568,-0.1269028619290235,-0.3374230615430158,-0.12544929147650996
-1.0,-0.3884304409002055,-1.0,-1.0,1.0,1.0,6.439752154547611
1.0,-1.0,-0.3611961293800514,-0.7889995858543046,0.3907569908323769,0.3337371170436751,-3.886650271838167
-0.2816518392410447,-1.0,-1.0,-1.0,-0.5065628999920446,-1.0,3.494310513785467
-0.1492912458896582,-0.0309758593953968,-0.2222939999692885,-1.0,-0.427894334939207,-0.7894076493853874,1.6020541475632375
1.0,1.0,-1.0,1.0,1.0,0.8353451805529353,-0.44055256225797235
-1.0,-1.0,-1.0,-0.235559377972637,-1.0,-0.5454334371059373,-3.571733858772163
-1.0,-1.0,-0.0095218873163576,-0.2897942826438748,-1.0,1.0,-1.4646518608924919
0.0896346497550077,1.0,0.2928622374594707,1.0,0.6207679738591885,0.7019167036732643,-1.0975645484355945
0.2283280250563664,-0.792019144726474,1.0,-0.5103744747639165,1.0,0.9160981121449407,-2.8171256312938042
1.0,0.2559291358875677,0.6220883625830134,0.1829286063359225,1.0,0.5027821054994546,-3.3067925788402524
-1.0,-1.0,-0.0774701278093261,-0.9831010442396146,0.6128398800130472,-0.5393217808536479,2.6287336945543043
0.8137065585971228,0.0791336035202847,1.0,-0.0814090416561112,1.0,0.2407192201058003,-3.5526729670547454
-1.0,-0.2824695279546096,0.3850780629905459,-1.0,-0.3590120373458525,1.0,-1.7838673153956117
-1.0,-0.1928618837501237,-1.0,-1.0,1.0,-1.0,7.354640079601714
-0.8826518422100389,-1.0,-0.4247207257899292,-1.0,0.4811160688884324,1.0,-1.81963104105184
1.0,0.885512718090679,-1.0,1.0,-1.0,0.8432496114077161,11.029843303884054
-1.0,-0.3613956488895311,1.0,-0.028196460834803,0.7481323625251997,1.0,-2.213697828933977
-1.0,-1.0,1.0,-0.6815697006343904,-0.5047158750052452,-0.9076035677597596,5.184127238545811
-0.4898426972128935,-1.0,-1.0,-1.0,-0.4573679055608424,0.4071490519113163,-3.3491012151364914
0.3606565407691833,0.4313180956174089,1.0,1.0,0.2336092696995688,1.0,-3.17912237702291
-0.7965830057343666,0.6644294055052016,1.0,0.7894110141200295,1.0,0.9723484395390036,-2.9368296245659615
-0.7450734440051996,-1.0,0.4483160594262569,-0.1477010548261284,-1.0,-0.0606774251926507,0.3466933787233953
-0.5966707166213323,-0.0911279229199437,1.0,1.0,-0.1527298254274527,-0.7564924199715846,-0.8683284573915663
1.0,1.0,0.3311091567673334,0.7533538526716819,-0.1543515319655346,0.1666840954205606,0.1451895993764537
-1.0,-1.0,-1.0,0.1040636887495685,0.1851146514605746,1.0,3.175276142226246
0.0812121459445427,0.3284321818083153,-1.0,0.3227507139817354,-0.6278265197564636,-0.1588457128222087,-0.8434494256277173
-1.0,1.0,-0.0490217577264746,-0.5470998430168947,1.0,-1.0,5.539573529342511
-1.0,-0.9754901213268254,-1.0,-1.0,-1.0,-1.0,4.379764847750313
0.262591291346681,1.0,0.7087149449938726,1.0,-1.0,-0.0113411022844058,0.7578348183351113
0.8944375340212003,-1.0,1.0,1.0,1.0,-0.3740283109444462,-1.8992371611778252
0.5504942310266698,1.0,1.0,1.0,-0.2613519409015148,-0.4184384200356532,-0.901837743324199
1.0,0.124502559222587,0.796552389902679,1.0,1.0,-1.0,-1.8225067380464037
-0.453905657177593,-0.8207716353488181,-1.0,-1.0,-1.0,0.4614842853291321,0.7389437386888259
-0.4020013631490029,1.0,1.0,-0.6346051614735226,1.0,-1.0,-0.3035299761720992
0.199210077603819,0.7669429254841094,1.0,1.0,1.0,0.9975888167163658,-4.508914585416072
-1.0,-0.1796115649798408,0.59620293072479,-1.0,-0.3364090081232367,-1.0,2.244465155695168
0.3004298349877352,-1.0,0.912084088680896,-1.0,-1.0,0.6349864401286929,5.423021521941025
-0.493581501888042,-0.1362050976589195,-0.4768265381095131,-0.5898242811793235,0.6596223152776906,1.0,4.67477219374943
0.1689020104000296,0.6853231703939375,0.1905344491351233,1.0,1.0,0.3131435877689863,-0.4972062970658052
1.0,0.5044964012229385,1.0,0.8117344692104445,0.9366142299652906,1.0,-6.631659669632766
0.2176896282863838,1.0,0.3965034655604726,1.0,1.0,1.0,0.3111124556548794
-0.5793885369628891,-1.0,-1.0,-0.6387914159134229,-0.7156496824687992,-1.0,2.504499674612566
-1.0,-0.127759724658268,-0.3331763876287925,-1.0,0.255376102536369,1.0,2.5821305825914025
1.0,1.0,1.0,0.3681164941870865,0.3953852194872491,1.0,-5.56234321968853
-1.0,-0.7762851270169653,-0.4617333384495312,-0.6871747693621799,-1.0,-1.0,1.9491235388563681
0.3971609573444954,1.0,1.0,0.8856855430056552,-0.5782416200248253,1.0,-3.3643398345582924
-0.9685924190002676,0.2471395496707336,0.4496395282804445,-0.3105625732329873,0.3667278544324222,0.4743845683469583,0.12779085568712523
-0.4058870608755953,-1.0,-1.0,-1.0,-0.1783270570972548,-0.8160573516987697,0.1439141456362023
1.0,-0.0652519413557108,0.4777621598688688,-0.9591407824351944,1.0,0.4752633486279436,-2.414240452711803
0.4757902337957631,-0.943947433602904,-1.0,-0.810580622254943,-0.7780057010753814,0.937084601648832,4.082075279822392
-1.0,-1.0,-0.9711529931557168,-0.4320820954002313,1.0,-1.0,3.5942969843143606
1.0,0.7378799836982455,0.4327755013357064,0.7548527900269746,0.2300778788999737,0.1559790410835275,-1.2440037824879044
-0.0714727644594128,-1.0,-0.1682664160836475,-0.8124080558225868,-0.6714808648788559,1.0,2.918440259908213
-1.0,-1.0,-0.6346681438765203,-1.0,-0.3916084753770523,-0.4077196970896366,-1.5657715306220297
0.3268864928441357,1.0,1.0,1.0,-0.8954763328406752,1.0,-3.22449742506196
0.8565234546404661,1.0,1.0,0.5750594488461391,0.8588967079478762,-1.0,-3.7490739868300387
0.3965518730701065,0.5876519849500033,1.0,0.6696077746366327,-0.0906996735464737,-0.0853239261440892,-0.8913941231683288
0.6052785349923913,1.0,0.3453654511835091,0.6014019861932007,0.4645442958178474,-1.0,1.554275625335569
-1.0,0.975074458738707,-0.1709713153100174,0.6557784179339836,1.0,0.6485500136863811,6.073184956690675
0.759773239485491,-1.0,0.9652894531394608,-0.4182518342127879,0.4328334418459449,0.267044090398451,-1.5013077194430267
0.1984135033684666,0.7778487212044287,0.0354407802719658,0.7485937421159592,-0.6480411336258292,-0.7225875452705621,2.402947786791408
1.0,-0.3610535971989206,-1.0,-0.4640435650900647,-1.0,-0.1982139871046051,5.20817138962445
-1.0,-0.9988580528724806,-0.8090058171679999,-0.5335676662474247,0.8701345060405083,0.7964385761541171,-0.7994377675146015
0.3997630695462466,-0.4021614392803088,0.3309680549611664,0.2945566543118472,-0.991561824801482,-1.0,5.10299889726023
1.0,1.0,0.1879209974927109,-0.0822019644512332,-0.5850306313732259,-1.0,4.796116976639311
1.0,-1.0,-1.0,0.9703184148940764,1.0,1.0,-2.609937791637259
1.0,1.0,-1.0,0.9519419246017332,-0.1909498837051937,-1.0,6.05957074739276
-1.0,-1.0,-0.416555391232565,-0.1279039209158512,-1.0,-0.191879442483386,-2.787404900298758
-1.0,-1.0,0.2291629709001679,0.4533122314327718,1.0,0.1414464822074972,3.333508397074991
-1.0,-0.0389067179740214,-1.0,-0.0452325294529487,1.0,1.0,9.505310294749663
0.0894327233013125,0.4253777544503763,1.0,0.7873966829442105,-1.0,-0.409444403070059,-0.3283215478110696
-0.232384928892781,-1.0,-1.0,-1.0,0.1779553809514511,1.0,-1.1660779752256212
-1.0,-1.0,-0.0870672333804292,-1.0,0.7005513631694933,0.0044787001728503,0.4753161119301231
-1.0,-0.6387741369227917,-0.8717852145587675,-0.7050739236687873,-1.0,-1.0,2.3525469055851045
1.0,1.0,0.2888799700211852,1.0,0.65737977646777,-0.0023060730189465,-2.0755378363954367
-0.527444823330963,1.0,0.2834962329651829,0.7963605514369172,0.3549999877999794,0.6793262365038644,-0.43970516054915787
-0.7419368604086696,-1.0,-1.0,-1.0,0.3961931851757545,0.6928387136725422,-4.953007091850927
-0.3126820262350755,-0.8341673359992186,0.1354479545761453,-0.7884470681108289,-1.0,0.5282712301646935,1.6143095412332387
0.3914232218596094,0.2383947770212788,0.2218115782867851,1.0,-0.696505325208381,-0.8031082519747976,3.2542472982528032
1.0,0.8699783661294156,1.0,0.8662684170630588,1.0,0.8580406869029455,-8.6015112646205
-1.0,0.4921364056896966,1.0,1.0,-0.6506887743557297,-0.4666322572961461,-0.7705791497640307
1.0,0.5427004723681101,-0.2857895749978862,-1.0,-0.0266645034259647,-0.683035863938882,1.703155858457738
-0.8826456318583935,-1.0,1.0,1.0,-0.0887265818283278,1.0,-1.4743718770518708
-1.0,-0.909950506823144,-1.0,-0.795922213684978,-1.0,-1.0,3.09262574425437
-1.0,-0.093174303653259,-1.0,1.0,1.0,0.1555492218849161,-1.3293298979268608
1.0,0.2233653692808004,0.7246394093152202,0.6940846981765216,1.0,1.0,-2.9119093911523537
-1.0,-1.0,1.0,-1.0,-1.0,1.0,-3.6632719346330815
-1.0,-0.662525175337314,0.0418013885397214,-0.1236739800039743,-0.200191117020104,-0.5552495699574536,0.6349441087394223
-1.0,0.3147508740678528,1.0,1.0,-0.3324097195679856,-0.5103924427538498,-0.7496606361807262
0.0113331023299363,0.3024820029135,0.9363222455173116,0.4173001512093497,-0.8586204430097157,-1.0,1.612898692341419
1.0,1.0,1.0,0.0886560535664506,-1.0,-1.0,2.804311360039425
-1.0,-0.6922817332758526,-1.0,-0.2850886865028343,1.0,0.4846303584657772,-1.860601172912892
1.0,0.3225070226457909,0.3933525587958166,-0.6877864206089714,0.610200136515723,1.0,0.3355399905241005
-1.0,-1.0,-1.0,-0.0841667793010059,-0.7884929399668104,-1.0,1.2910417403118435
0.5147279385449983,0.139164657598112,1.0,0.0603269820471505,0.92808614590826,-1.0,-0.6929117956815166
0.4230247350552956,0.0159906514920322,1.0,0.1637313769030073,0.5525187213878089,0.0832884457592657,-1.0586426727962928
-1.0,-0.2901386170303859,-0.1204130967966881,-1.0,-1.0,-1.0,1.653943271795343
-0.6462627950724606,-0.1742650461134978,-1.0,-1.0,-1.0,1.0,6.369714818811671
0.3839660942465945,1.0,1.0,-0.4656478979041714,1.0,1.0,-0.7838023778838962
0.390486935846188,0.99841823371789,0.2293341824297183,1.0,0.811303944059204,1.0,0.7464660012438389
1.0,0.0987300004219668,1.0,1.0,0.5447535481177801,1.0,-5.027331966526482
-1.0,-0.2875987333376915,-0.2332149216561039,-0.3011952561124837,0.7425811488958236,0.2492455179619566,1.1778386044598042
1.0,0.4908117468948527,1.0,0.2114907178856762,1.0,0.8290925279658299,-5.546364357455019
-1.0,-0.9800724910070432,-0.4280975426921356,-1.0,-0.8190100221816508,-1.0,4.616487580941536
-0.6542636927713521,-1.0,-1.0,-1.0,1.0,1.0,-0.8806934599123769
-0.778565351806094,-1.0,-1.0,-0.2299958980515823,-1.0,-1.0,0.7418387770698491
0.4401397246638447,1.0,0.7815468047283989,1.0,-0.4474666168800232,-0.1826165957432615,-0.16854920546416885
0.8869067685297909,1.0,1.0,0.8935479788234595,-0.2257157000163352,-0.8678254004893382,2.081876277427051
-1.0,-0.3974765962524631,-0.8847119672765733,-1.0,-0.7411723223577935,-1.0,3.4594577324917175
1.0,1.0,-0.7004425431712968,1.0,1.0,-0.1849993253810775,-1.893968186471032
-0.5730706473273679,-1.0,-0.7956903490400387,0.5508780433989549,0.5806478756437234,-1.0,2.0670251918581997
-0.3081997787176352,-1.0,1.0,-0.0754299011472698,1.0,0.6840097073539941,1.0933328821314094
-0.0627300937702153,-1.0,0.3360217326906971,-1.0,0.1308140566555076,1.0,-1.058655765135358
0.8676090040509328,1.0,0.0957612588113481,0.4494974580010904,1.0,1.0,1.8033469925709107
0.5886959161581995,1.0,0.2785484234862825,1.0,1.0,-0.2470338494144124,-1.9278954507037596
-1.0,-0.4201079100874296,0.6231241908278173,-1.0,-1.0,0.235340520503293,-1.6851576023062993
1.0,0.7021328828885796,1.0,-0.4356732171981758,1.0,1.0,-3.4606531319607234
-1.0,-1.0,-1.0,-1.0,-0.6238722398655079,0.0564791012022876,-4.9355929140032115
0.3549074513253922,0.9746723449224336,-1.0,0.1293142163048233,1.0,0.5998106390677256,3.668260046961018
1.0,1.0,0.9447618890068776,0.2201755935868281,-0.0338683011589686,-1.0,1.2352651498698317
-1.0,-0.9537874752938142,-1.0,-0.1183602257847571,-0.0573377321278114,-0.5643818509490113,-1.6296956698535183
-1.0,-0.3028297669000928,0.0001206917933009,-0.51284063382138,-1.0,-1.0,-0.41383186569626706
-0.3486191994212519,-0.7878111054489814,-0.0903544548349493,-1.0,-1.0,0.6605046955903666,2.8934237997701184
-1.0,-0.8567687265257844,-0.5862496501743395,-1.0,0.2308317821759511,-0.2571708024389258,-1.8694012092146686
0.4372948336706743,1.0,0.2175747939583585,0.8376241994903411,1.0,0.9728029109900944,1.5473693713402308
-1.0,-1.0,-1.0,-0.611165132699077,0.1886324446931775,0.508416960967859,-4.789760012036047
-1.0,-1.0,-1.0,-0.7752967247598774,1.0,0.1009662269254185,-6.805408610603638
0.1637612413099776,1.0,1.0,0.6167246825718442,0.329354886574797,1.0,-3.850034720732444
0.0789279125918684,0.9005608799778912,0.7301945581728058,-0.553061852417728,0.7518450426514534,-1.0,-0.45448366954990227
0.9480090397752496,1.0,1.0,0.1207329066855205,-1.0,-1.0,2.3931548840870596
-1.0,-1.0,1.0,-0.3734139936256191,-0.9505015726843477,-1.0,3.36856923481948
1.0,1.0,1.0,0.1931730710999468,-0.4210682804730787,1.0,-1.4982358476565385
0.5751920986030723,-1.0,0.9612298887367066,1.0,0.5507182211448776,-0.8223048051684989,1.3316491075065005
1.0,-1.0,-0.3082341188652189,0.0974156553705729,1.0,0.685055622136737,-4.07138024809151
1.0,1.0,1.0,0.132874867294015,0.4139416377674713,-0.8758415748997892,-1.5736864039636607
-1.0,0.8270909968302469,1.0,1.0,0.420854210660103,-1.0,-1.2052470213538067
1.0,1.0,-1.0,-0.1184839486705393,-1.0,-1.0,5.215949762206033
0.1646199796722682,-1.0,0.0198051050895815,-1.0,0.0042443038402175,1.0,-0.032480288788235945
1.0,0.0955456684562743,0.5311653926985869,1.0,0.4262881112704735,1.0,-0.24500423873578814
0.8235200566968979,0.4741113114076407,1.0,1.0,-0.6023014630248194,-0.0533976644415818,1.0714118577821934
-1.0,-0.751777416354612,-1.0,-0.1563313214409309,-0.9670116279180664,-1.0,1.4783430790316068
1.0,-0.8863948129737331,0.0809885411947883,1.0,-1.0,-1.0,11.43488365250104
-0.9905654196616828,-0.9130330184550884,0.4072047605387894,-0.646950735894255,0.7791065410907272,0.4013034778233371,1.632695378873776
0.9897828091319794,1.0,1.0,0.1577012743959323,1.0,0.0193552476059317,-5.04618638449576
-0.7289561991490134,-1.0,-1.0,-0.661659544127549,0.9920360814054904,0.957244963462027,0.9448868382531834
-1.0,-0.5667668070614367,-1.0,-1.0,1.0,0.8049524268189769,1.3729852142361538
1.0,0.0450908980449686,1.0,0.7914726041183076,-0.2160421743023528,-1.0,4.637863308961202
-1.0,1.0,0.3689663319006988,-0.9165706854167824,-0.7337709180029302,0.2545557726756873,-1.7367592827806702
0.3088763222390573,-0.7400305131228777,0.5924438568787127,-1.0,1.0,0.8243123865742064,-2.2340541535449314
-1.0,-1.0,-1.0,-1.0,-0.9932922594996372,-0.1565839499447647,-2.1337382970914507
0.2750106221921882,-1.0,1.0,0.6786414844281987,1.0,1.0,-0.4986032408143036
1.0,1.0,1.0,0.2206241091987288,0.6720941403657839,1.0,-5.874741329712898
-0.0163368278796931,-0.7517289888673027,-0.3620822639166948,-1.0,1.0,0.2258549177773232,-0.2671530455307386
-1.0,-0.8994565731814892,-1.0,-1.0,1.0,1.0,0.07618023996581147
-1.0,-0.1557291072767426,-1.0,-0.8935687616024104,-1.0,-0.5557823275003699,-0.9831145332820846
0.6436793160703791,-0.9273918708425876,1.0,0.449010490519101,-1.0,0.1545936730542019,4.424886958545537
-1.0,-1.0,-0.6870769878544398,-0.6712526122843738,-1.0,-0.1564782389109575,-2.151055030264465
-1.0,-1.0,-1.0,-0.0811707172918216,-0.0339310458236048,-0.6532216083190767,-1.0793289515546896
1.0,0.1904608151120621,0.7874716280140535,-1.0,0.2510842425965132,-1.0,2.752131118928011
-0.2505096149296968,-0.5442849432578776,-0.4130599612520806,-1.0,-1.0,-1.0,5.038883509425844
-0.7694301878771026,-1.0,1.0,-0.7164570754373065,-0.02169861388733,-1.0,6.509674230893488
0.6325797662588708,1.0,1.0,0.8919385684279044,-0.6547801625110028,-1.0,3.4200786430278955
-1.0,-1.0,-0.9736791062119774,-0.4668383421438307,1.0,0.7148860059749229,-2.1372559472939034
0.9027670446073126,1.0,1.0,0.4438861197835306,1.0,1.0,-6.267157719205411
1.0,1.0,-1.0,1.0,1.0,1.0,1.6326581215279548
-1.0,1.0,1.0,1.0,1.0,-1.0,-3.0941289237753264
-0.7865070979749202,-1.0,-0.971251894270063,-0.9520328910914062,-1.0,-0.1444131454375332,-1.1360199359400598
0.2591533592567607,0.1511796379620327,1.0,0.3090772636539067,1.0,0.8545736411175255,-2.0206929389678696
-0.3647901572017153,-1.0,-0.6139148139743305,-0.8617484297600864,0.2083382380949945,1.0,-0.7847496756093314
0.5749028837967158,1.0,0.6533398718664132,1.0,0.0478116132843704,0.4005142648387101,-2.2267090883275094
1.0,1.0,1.0,-0.6587113198530989,-1.0,-1.0,0.7929306872494284
1.0,-0.5118605719070473,-1.0,-0.2235560945008232,-0.0314889174584949,1.0,1.373744221457564
1.0,1.0,1.0,0.2888813413720155,-1.0,-1.0,3.853846594492992
-1.0,-0.9541588840534104,0.3191269435916135,-0.2305361061405186,0.1912345139824718,1.0,0.05925879815330759
-1.0,-1.0,-0.1100434805090189,-0.9056490325872724,-0.7642064058391915,-0.8548937100528275,3.4501634368655134
-0.0295553276917832,-1.0,-1.0,-1.0,0.8692713491824158,0.9887521317634208,-2.40293360937369
1.0,1.0,-0.6677753097873707,1.0,-0.7442438366460975,-1.0,10.28643718444443
0.3545255756746934,1.0,0.9310567480982392,-1.0,1.0,1.0,0.9289576260187453
-0.1644189875871597,-0.8617051559679272,1.0,1.0,-0.030522823524921,-0.0901101354829627,-0.8072648283319811
1.0,0.4095870877519654,0.0075586198285453,0.9083362762867876,1.0,1.0,0.34666225676844226
-0.049470750043562,-0.5887579255532445,-0.3256377324641806,-1.0,-1.0,-1.0,6.123968433637007
1.0,1.0,0.5714459462429622,-0.4960885545640494,0.7206923322249565,1.0,-0.14587070464600482
-1.0,-0.0508100225264098,-1.0,1.0,-0.9969246083382548,-1.0,0.9031775075600903
-1.0,-1.0,-0.2066603941335365,-1.0,0.5407501779383543,0.2077146744184412,-1.4504059791840445
-1.0,-0.1140356465994891,-0.0445770339336384,-1.0,-0.4272412324732375,-0.0315529387769895,-0.4649657873933998
-1.0,-0.9810640939942374,-0.8216507696842645,1.0,-1.0,-1.0,-3.94888769492395
-1.0,-1.0,-1.0,-1.0,-1.0,-0.2546339772796469,-1.6989773574082196
1.0,-0.2878932997480472,-1.0,-0.1139958056843948,1.0,-1.0,-5.241414639478832
1.0,1.0,0.8862939457293992,-1.0,-1.0,-0.9796653070342012,2.698574889024132
1.0,1.0,1.0,0.5833229879558457,-0.4891435075052355,0.7606683706277413,-1.5677882314864
1.0,1.0,1.0,1.0,0.0160786498206784,-1.0,2.1843536019396916
1.0,0.0219640400373302,-1.0,-0.4789849735867593,-1.0,-0.3879563845934162,4.227106769241796
1.0,0.528750212307223,0.3187892107916159,-0.7949869104236342,0.1616605643399526,0.8808142570787727,1.5579839405141562
-1.0,-0.2405705523929475,-0.9850920301060848,-0.3984644881820114,-0.7268071527300513,-1.0,3.3719382155244153
0.3026680788042186,0.7080502432115345,1.0,1.0,-1.0,1.0,-2.745624382942358
-1.0,-0.8575069192316174,-0.5765200795109353,-0.6934494609296715,0.4289339753190171,-0.0723267241912957,-1.5595556619922957
-0.1204238152400984,-1.0,1.0,0.1835397262239244,-1.0,-0.9839510119689068,4.164524789016734
0.3994482093142149,0.7813340101346813,1.0,0.6982873069862925,1.0,0.6102569127254476,-4.53218425992464
-1.0,1.0,1.0,0.2718389799947176,0.9925979212190328,1.0,-3.699825077305458
-0.6718617056272926,-0.6703089708141168,-1.0,-0.3486847390065746,-0.1467800088827511,-1.0,4.583302708355799
1.0,0.8490661469547296,0.7510948448679695,1.0,0.0848136420291327,1.0,-2.1619186242032824
1.0,0.1549201036662697,-0.8022371810783415,1.0,-0.718056513016855,-0.0957138857333637,2.1922856791031453
1.0,1.0,0.0020391767965957,1.0,-0.944424959022882,-1.0,11.430420845189358
0.6970872290233365,1.0,1.0,0.7533494864544228,0.3739350801197245,1.0,-5.479006169211564
1.0,0.0954782863317504,0.0238695343264514,0.3972331061831722,-0.7068115340515397,-1.0,6.869277468331141
-1.0,-0.9184516486504,-1.0,-0.508067540748212,1.0,-1.0,3.888438107395183
0.6878392459767122,1.0,1.0,1.0,1.0,1.0,-8.198511405814221
-0.7075300834874181,-0.0232162119804715,-1.0,-1.0,0.6768557884403321,1.0,7.915715896672569
-1.0,-1.0,-1.0,-1.0,1.0,1.0,-1.6889316645273964
0.7250651462275999,1.0,1.0,1.0,-0.2702158805187162,-1.0,2.3764965133106637
-0.185655447276384,-1.0,-1.0,-1.0,-1.0,-1.0,5.559186432588928
-0.0342283198167496,-1.0,-1.0,-1.0,-0.8407001721134255,-0.8713265707065787,3.8005506615059654
1.0,0.2377804969586141,1.0,1.0,-0.4578370527839066,-0.6679689490246334,3.4249598648260005
-0.3244222895646671,-1.0,-0.730181581420924,-1.0,1.0,1.0,-0.9289840938293271
1.0,-0.3192873233249182,-0.1316014053749832,-1.0,-0.6620642077513754,-1.0,8.366815988140747
1.0,1.0,0.8167845719974565,1.0,-0.1663393754337805,0.2473462873213006,-1.273257371543714
0.4193414958003583,0.5479623484241358,0.6656696739295334,1.0,-1.0,-0.2056090368094407,1.410999149710488
-0.3301729198970511,-0.9695035218937788,-1.0,-0.6731067232465884,0.4256389781801766,-1.0,2.6413670653483283
1.0,1.0,0.6914745234022439,1.0,-0.8033294798213113,-0.9407599185311816,8.836686145013354
-1.0,-1.0,-1.0,-1.0,0.8621838245614846,1.0,-2.1182670726457817
-0.3010005199429131,-1.0,0.6752910246673982,-0.8723635929531182,1.0,0.0154893565051008,1.6832069752274101
0.2307146893335228,-0.4831733826053699,0.8935330105115831,0.7512920315337375,-1.0,-1.0,3.3399147546806276
-1.0,-0.7044968623791577,1.0,-1.0,0.2978431855744037,-1.0,4.902963744716355
1.0,0.8797882768429799,0.8816753133677719,0.7317339090610167,1.0,-1.0,-2.8214203425513977
-0.0849347423928057,-0.5527874686907686,-1.0,1.0,-1.0,-1.0,0.7258099541764302
-1.0,-1.0,-0.4969031946946403,-1.0,0.3147488271858958,-1.0,4.246335506214661
-1.0,-1.0,-0.0411694347096009,-1.0,1.0,1.0,1.589836191415039
-1.0,-0.5637878506878318,-1.0,-1.0,0.6456965433418309,1.0,3.4874789502578714
1.0,0.9375222033312413,-1.0,0.2190980410298473,1.0,0.5753141012861391,-1.071570086012838
-1.0,-0.704635337604574,-0.681244403068072,-1.0,-1.0,1.0,1.742828210206002
1.0,0.4657738980753516,1.0,0.8387935418458772,0.2749312791739549,1.0,-4.449614092910236
-0.0518250643870619,-1.0,-0.0348291872303414,-0.7285128997468229,-1.0,-1.0,7.030309524107205
-1.0,-1.0,-0.8856574878712336,-0.5882570936551954,-1.0,-1.0,1.6946226242140616
-1.0,1.0,-1.0,1.0,1.0,0.2489506656689013,1.7092309111610011
-1.0,-1.0,0.2861390450119414,0.4785725918623282,1.0,0.767680121226983,3.2887113484513755
0.8347455887756126,1.0,1.0,0.4069430191375703,1.0,0.3581866440056602,-6.035329266774852
-0.5697414002777899,-0.0114894322649641,1.0,-0.5630443226695319,0.9982215844644632,-0.4520437828859696,2.348527591719219
-1.0,-1.0,-1.0,-1.0,-0.1411149222882257,-0.9444904486774433,1.7611030444589777
0.682337519078102,0.1772830744912905,1.0,0.4823181714881179,0.2902251239643076,1.0,-2.6663889178434412
-0.4109575883030911,1.0,-1.0,-0.0348458288536472,-0.6703928766518212,-1.0,3.0098686097059915
-1.0,-1.0,-1.0,-0.4622107563973787,1.0,-0.569289217897496,-2.694333589776779
-1.0,-1.0,0.1718039262630801,0.4955920617638463,1.0,1.0,4.543774911060065
1.0,-0.0054705052540171,0.9065584443140646,0.9054152836871888,-1.0,-0.3499306971269045,5.257946696462261
0.554736315439377,0.0973406280078461,0.8367612992781381,0.2849376794322567,-1.0,0.3404457574982183,0.7303389261089289
-1.0,-1.0,-1.0,-1.0,-0.0723795757165646,1.0,-2.2922740403007063
-1.0,-1.0,-0.1850952202632614,-0.1397827794469202,-1.0,-0.410022667312838,-1.6844289392598921
0.38959061756204,0.1502575404733277,0.1566430437352308,0.9574191462571048,-0.0258213837371534,-0.4548377316737126,0.6999899990244839
-0.8163024552563398,0.2777964256885539,-0.1685939873416346,-0.7918402131914342,0.8390892626804891,-0.141727505232003,2.829111203088755
-0.7707976783765536,-1.0,-0.618230380958029,-0.9432088880212456,1.0,0.3121759330655536,-2.1926617515875786
1.0,1.0,0.7495762031733357,0.8388521947830574,-1.0,1.0,4.154322735091555
-1.0,-1.0,-0.5685777167572807,0.0873735986047612,0.4186165558557473,1.0,2.2732593171282165
-0.0974377813057569,-1.0,-1.0,-0.4374614646928045,0.4264160128663063,-0.7009786825320221,-1.056233315233682
1.0,-0.2088847091282051,-1.0,-1.0,0.8651432754134809,0.4018574824445904,-4.469793666724062
0.4593142881020275,-1.0,-0.0410231682957737,-1.0,-1.0,-0.0358650630623429,6.64588626603711
-1.0,-1.0,-0.6348677835618974,-0.8998268642108067,-0.0468067196950263,0.2106068189483272,-4.153997055745717
-0.9994199937591196,-0.7410133360661044,-1.0,-1.0,-0.8319020553940906,-0.6025847026147042,0.10609573666483274
-1.0,-0.6869608134950547,-0.4763646626850557,-1.0,-0.2436381081250609,-1.0,4.117932050253086
-0.3205775185825279,-1.0,-0.5313008534098949,0.7414917602168392,1.0,0.6233902628945125,-0.7710573949736416
1.0,0.6288764742146542,0.5937494136434374,1.0,0.913425707421776,1.0,-2.943135412628304
0.1160997710283748,1.0,1.0,0.5358509281493482,-0.1968986204733867,-1.0,-0.31983648816220034
0.8868207855449062,0.197952834383011,1.0,0.9036933446219468,-1.0,0.0213634846374108,3.1423912542951866
0.5270078373561013,0.5243585998526179,0.6680113340916911,0.2482121045835026,1.0,-1.0,-0.09513815705175543
-1.0,-1.0,-1.0,-1.0,-1.0,1.0,1.6249200259283143
-0.820967222254767,-0.9558765519026926,-1.0,-1.0,-1.0,-1.0,4.660640748207522
-0.4812059953620222,-1.0,-1.0,-0.6164490850054514,1.0,0.404880776344805,-3.4213061520621433
-1.0,-0.8199949554228663,-1.0,-1.0,1.0,1.0,1.3343523450784767
0.6461169830943772,1.0,0.3144112191237891,0.2747861143244319,0.4112060675425901,1.0,1.5441244667949707
0.6687798948152823,1.0,1.0,1.0,1.0,-1.0,-6.578557418760282
0.997848141594462,1.0,1.0,1.0,1.0,1.0,-9.967118802519323
-0.421728831200663,-0.5922387387068928,-1.0,-0.8057581804597309,-1.0,-1.0,2.9526034236537297
-0.3504032470512122,-0.6103531488822262,-0.5262786115682652,-0.3940365415513287,1.0,1.0,4.259805341058418
-1.0,-1.0,1.0,-1.0,1.0,1.0,-2.687762151092983
1.0,0.9188499961921172,1.0,0.46439331841495,-1.0,-1.0,5.411740038371356
1.0,0.6962888621467742,0.6185354993187351,0.4264516970078806,-1.0,0.6755233049835911,2.9544923722338208
1.0,-0.4459138668439977,0.5023226894728461,1.0,0.8286479686238946,1.0,-0.19420096526475983
0.4044089208108685,0.7799033989389559,0.2615343107440293,0.4117115949497651,-0.3362523702886437,-1.0,3.512891144464757
-0.4372948229486542,-0.7563784388900097,-1.0,-0.8303195959556797,0.9343268526640828,0.4665563616881041,-1.6935189535723425
-0.0860151891353597,-0.0382256679320267,-0.3603962682681945,-0.0236335486580057,0.5544796452052632,-1.0,2.0408799802553097
0.7315578504733851,0.0137510459993757,0.0292393903064054,1.0,0.8207146405532155,0.5364409148338232,-0.7281897575577628
-1.0,-1.0,-0.8678039717139807,-0.8888251540797534,-1.0,-0.92243229634951,2.676559879386689
1.0,0.6636808511737378,-0.5248340766645891,1.0,-0.4556643896761061,-0.4999578326637237,3.584323576205447
-1.0,-0.4835636373954604,-1.0,0.5295248231062546,-0.9720338624116492,-1.0,0.7606200360223252
-1.0,-1.0,-0.5176400795783447,-0.2274442550117577,1.0,-1.0,5.902843570486074
1.0,-0.4021646079076022,-0.7989677505046451,-1.0,-1.0,-0.2296138843629547,6.878769201724276
-0.2977364233757984,-0.8933450942200842,-1.0,-0.8891797460586917,-1.0,-0.0816969748083955,-0.07456143653389924
-0.8766853100855896,-0.764550262345093,-1.0,-0.7044366052079534,1.0,1.0,3.9022869517001477
0.8272190248854663,0.1079719168589019,1.0,1.0,-1.0,-1.0,5.992787171262021
1.0,-1.0,0.8886063165299023,0.3421831772196191,-0.7415458238153587,-0.2977665141545382,6.4733955171522295
-0.6677988545086777,-1.0,0.5786188986951677,-0.4783737544472519,-1.0,1.0,0.9108136006020453
-1.0,-1.0,-0.3338759104347055,-0.2148966647466441,1.0,1.0,4.04139686938207
-0.2071786219227958,-0.8052825049745473,-0.8336726622587318,-0.7010228502799267,0.5587960108530989,-1.0,3.1838801760632043
-0.2289759365439689,-0.9953628723017488,-1.0,-1.0,-1.0,0.4402780605659113,1.0342053660878912
1.0,1.0,1.0,1.0,1.0,1.0,-9.980459470377383
-0.7221549789740578,1.0,1.0,0.7930646583448875,0.9400826914934732,-1.0,-2.1712555542641563
-0.1683385777155075,1.0,1.0,1.0,-0.6475716346426454,0.4657350502209456,-4.354609371345214
1.0,0.148131118910604,0.5496826593643662,-0.0524771754825781,-0.8606084384752011,-1.0,7.12026613539906
-1.0,-1.0,-1.0,1.0,0.215541140629121,-1.0,1.1990528530333273
-1.0,-0.4726057729600039,-1.0,-1.0,0.0026153526495393,1.0,3.3067992149276964
1.0,1.0,0.1949754601874931,1.0,1.0,-0.4790068604615252,-1.0512635355339932
1.0,0.7691377674251887,0.1128689171322703,0.2539947980035701,-0.170275820610837,-1.0,4.956299480808249
0.482289156387139,0.4590574264201745,-0.5664300494678292,0.3438150170366729,0.0315600354376739,0.1999714912329324,0.21101295672962705
1.0,1.0,1.0,1.0,0.5260305022755094,0.3351271529676805,-6.630498315848201
0.8338855666137481,1.0,1.0,0.8960252954678067,-0.2367901611606175,-1.0,2.592538852888025
-0.2034691092536782,-1.0,-0.6053849595865615,-0.2855747478259622,-1.0,1.0,2.6335281371760266
0.6697080011810403,1.0,0.5875084947220215,1.0,-0.2945934717611733,-1.0,5.094065775244096
0.9552877526783352,-0.4580926117933916,-1.0,1.0,1.0,-1.0,-8.111976446272974
-0.0772753705596001,1.0,-1.0,-1.0,1.0,0.2706594201994814,3.853419957953573
1.0,0.2305383607602831,0.1564355196958986,1.0,1.0,0.2248411985895146,-2.545314936295653
1.0,-0.7072654263515028,0.270933735989542,1.0,-1.0,-0.0237942253065488,5.62704199485794
-1.0,-0.6519794137646671,1.0,-1.0,-0.2391957383850851,-1.0,3.8686523321556154
0.9920308913552324,0.6507864492455586,1.0,0.4270655877823854,1.0,-0.8668475461131724,-2.593560369377289
0.3988847020963244,1.0,0.07500797269732,0.7454064822302837,1.0,-0.6840474240327785,-0.1674467470395975
-1.0,-0.950060922162308,-0.7096847927102816,1.0,-0.4136558488584596,-1.0,0.22407954953730835
1.0,0.2091672206821395,0.632984121302888,0.0298829886492257,-0.6536219845007862,0.6887374616230917,2.1900630365035685
0.1661375040209449,-0.0153672341321262,1.0,1.0,-0.1635489073923286,-1.0,0.8822880083464978
1.0,1.0,1.0,0.758068350572042,-0.9463559209939691,-0.2265410283081478,3.7613999677716246
-1.0,-1.0,-1.0,-0.7243773268608844,1.0,0.4785048469609894,-5.599105911529381
-1.0,-1.0,-0.4614571575262847,-0.7897395065162396,-0.3964378428078965,-1.0,3.3866680829294618
1.0,0.0340979138035064,0.1566041397580342,-1.0,-0.424961552513837,-1.0,6.416359250238974
-1.0,-0.0272707855992258,-0.7235659703073669,0.0281768903211814,0.0441112810501289,1.0,5.196858500554475
-0.1021577308589321,0.4577265785016318,-1.0,0.7701785369723624,-1.0,-0.0979266036523249,-1.851243785796321
-0.5206678951305166,-1.0,0.7902935980322972,1.0,0.3952334487706892,0.2943624551552921,-0.22520730654667342
-0.3247953694600007,-0.9774452684396172,-1.0,-1.0,-1.0,-1.0,5.22133473956889
-1.0,-0.2836442188039867,-1.0,-1.0,-1.0,-0.5936065479745829,-0.17571773510581623
-1.0,0.8085985657322488,-1.0,1.0,1.0,1.0,13.729738077317975
1.0,1.0,0.487860437576944,1.0,1.0,0.5846123119406008,-5.057727606452874
-0.2185126478243091,-1.0,1.0,-0.7886839210325141,-1.0,-0.7221459569887145,6.811698219579769
0.0745216315078187,-0.6374303881996222,1.0,-0.4782501161068155,-1.0,-1.0,4.017748802477774
-0.9608012794879492,-1.0,1.0,-0.6533358852779969,-1.0,-0.0523111661443622,0.8934546304527899
0.9746659493839184,-1.0,1.0,0.3758923763838706,1.0,-0.1027174723276524,-3.3748895399096406
-0.928702606960016,-1.0,-0.4235370044758544,0.4957828910282673,0.5543130979127455,1.0,2.9038438547539687
1.0,-1.0,-0.1558496783598713,0.3622825739838142,0.705768827303773,1.0,-0.14690663962961747
-1.0,-0.3159085513256365,-1.0,-0.0771045342935994,1.0,-0.2650594202647138,-2.1759608954473375
1.0,-1.0,-1.0,-1.0,-1.0,-0.8409183557105608,14.006543411717457
-0.4064208218779854,-1.0,-0.9651410339792724,-0.813077853849135,0.2821607892016042,1.0,-0.19901745341679122
-1.0,-0.1684375006987188,-1.0,-0.5010697933384005,0.916738010225193,0.5628843866915785,1.1156917433800289
0.0271704650373385,-0.8954171111381872,-0.8897716397904736,0.7139285059222515,-0.0259032622616204,-0.6590975128435219,-1.4051100029680725
-1.0,-0.9342015406845858,0.4740448161761679,-0.1503073141190611,0.0739493756032256,1.0,-0.3022618340241613
-1.0,-1.0,-0.7872959469590894,-1.0,0.8191718543648712,1.0,-1.524518578434963
-0.8798491724649629,-0.8499869075175452,-1.0,-0.2815012709313553,-1.0,-1.0,1.3852620405832345
-1.0,-0.84205854831787,-0.2840122362575654,-0.9135049380880992,0.7023503163743643,0.7894295658716237,-0.028269066679244892
1.0,-0.0343160664480528,0.5386034526488519,0.0585226257987314,-1.0,-1.0,8.00925075171846
0.9864559171240804,0.2209340296438116,1.0,0.5418593172737176,-0.8087137515996627,-0.0536382049221766,3.5621784806193384
0.9515743975899528,0.2760284700229893,-0.1441757319999614,-1.0,0.7604405737728515,0.6254413223075181,-0.22166228699722734
-0.6349844485870602,-1.0,-0.1081408403891563,-0.3889270968069906,-1.0,-1.0,2.673286697607906
-1.0,-0.0223048930520852,-0.0297670440735744,-1.0,-0.8411279232343087,-0.3104723422727919,-0.1937696899866802
-0.1693058507171285,-1.0,-1.0,-0.6135733874810767,-0.3360615155323869,-0.5185587889031296,-1.8891695679919547
1.0,-0.0812952437743435,1.0,0.2732024784224311,0.2758906295328642,1.0,-3.55850622563104
1.0,1.0,0.537204242869399,0.3581414364634498,-0.5286906053380802,-0.3856296118311415,1.6520317885049198
-0.2288935784538983,1.0,1.0,0.6222303160431844,-1.0,1.0,-5.277652459939986
-0.3691382312075386,-1.0,-1.0,-1.0,-0.1897559459749231,0.0894914830918962,-4.441613923757229
-0.350541373091888,-1.0,-1.0,-0.1969029861732132,0.3965804342067904,0.0323312172096916,-2.8116688911068612
-0.3617377863578452,-1.0,0.7843102865388032,-0.838342192893744,-0.8325026191209528,-0.6160599139878526,5.878279937762963
-1.0,1.0,0.4904697485808151,1.0,1.0,0.4777577626179228,-1.0148017348373037
-1.0,-0.3092576704293812,1.0,0.1120656514348727,1.0,1.0,-1.3921814033188276
1.0,0.7841861406373709,-1.0,0.6385173215257192,1.0,0.9606145416104042,0.6777394850044904
-1.0,-1.0,-1.0,-1.0,1.0,1.0,-1.6889316645273964
1.0,0.17985943007255,0.8262191641756018,1.0,0.8906842823835557,0.105776447399595,-3.9317032091108204
-1.0,-0.9595564682130432,-1.0,-1.0,-0.2002033708529909,-0.3106685592578035,-4.892427589724043
-1.0,-1.0,-0.1666384663119426,-0.6680891408994318,0.5025379998265809,1.0,-0.13268994185492833
0.2456484511598915,1.0,1.0,1.0,-1.0,-1.0,3.0375569014481894
-1.0,-0.948751765682579,-1.0,-0.7787489283261695,-0.016214237931714,-0.2521269320161139,-4.799554394696622
-1.0,-0.7610098263976621,-1.0,-1.0,0.4431084104289902,1.0,0.8544863380763863
1.0,0.1442533654887465,0.60526091731761,1.0,-1.0,-1.0,8.941164371904145
-1.0,-0.470938203983491,-1.0,-0.2187837918105752,-1.0,-0.5573200255309785,-1.889184105022419
0.1589322796386261,1.0,0.5836151689017051,1.0,-0.476354317602266,-0.3951051969811114,0.6000256653207502
1.0,-1.0,-1.0,-0.836500059503466,0.2881132277143652,0.3432503247849561,-4.592282970788143
1.0,1.0,1.0,1.0,-1.0,-1.0,8.957226474194364
1.0,1.0,1.0,-1.0,-1.0,-0.4527632193665656,3.4695931268203672
0.0608078903419997,1.0,0.6769627695962703,0.3147707594182329,-0.9566284331817329,-0.9818348168316524,0.22690424724663205
-1.0,-1.0,-1.0,-1.0,-0.9612661276546476,-1.0,4.2351858283703825
-0.9688416214735668,-1.0,1.0,-0.160142522351683,-1.0,0.9033049532262244,-2.5626530346097125
-0.4074845926067321,0.7286947316741799,1.0,-1.0,-0.8594976225833546,-1.0,-3.1326765197104756
-1.0,-1.0,0.8847078783502771,1.0,0.9019869431647622,1.0,1.517365004811538
1.0,0.7981370016974576,1.0,0.5239569175179948,1.0,0.896789255557989,-6.74073737022093
1.0,-1.0,1.0,1.0,-1.0,-1.0,10.944088555903694
-1.0,-1.0,-0.1850262264931637,-0.2526978291071859,-0.8421932490823063,-0.9969881546373756,1.1962743020430242
0.7797951683282862,1.0,0.2606876431895986,1.0,-0.0831869506215787,-1.0,5.779985798958699
-0.54551808581715,-1.0,-0.5096171872742892,-1.0,-1.0,-0.0165224760625648,2.1747633772089534
0.673672735391663,0.1939366409590674,1.0,0.7769369272632307,0.3440256335512446,1.0,-3.0261705963676744
-1.0,-1.0,-1.0,-0.9438302995375576,1.0,1.0,-1.2043843519587187
-1.0,-0.5257767222620464,-1.0,-1.0,1.0,-1.0,6.473301827717258
1.0,0.3201061388476693,1.0,0.2068822543157957,1.0,1.0,-5.487096264478062
0.5136197122117594,1.0,0.0370175876720124,-1.0,-0.7389372684170878,-0.428409602286552,3.6980528115866735
-1.0,-1.0,-1.0,-1.0,-0.965411277877112,0.3178696719753162,-3.13488117228079
1.0,1.0,1.0,0.3036607651273415,-0.5782914507548389,-0.2472088072812694,0.7906029373730368
-1.0,-1.0,-1.0,-1.0,0.9254264030385064,0.5213966862868527,-7.1638028293403355
1.0,1.0,0.3336013783228686,1.0,-0.4279134201199976,-1.0,8.77554091713404
-0.211111106827555,1.0,-1.0,-1.0,1.0,1.0,15.068020477291157
1.0,1.0,0.5384225345819516,1.0,-0.5090081647083249,0.5732796227468755,1.51593034426272
-0.4736282514621186,1.0,-0.2598548669609619,-1.0,1.0,1.0,10.656449869389709
1.0,0.0036552007168768,0.8410414750003126,0.1753141322566416,1.0,0.3314649527453315,-4.249458586474242
-0.1921408035011558,-0.3217279173998595,-0.3580317692210302,-1.0,0.0983865425268315,-1.0,3.7727985996785387
-1.0,-1.0,-1.0,-1.0,-1.0,-1.0,4.341839536276752
1.0,0.1373658903131707,0.1865333652100367,0.8917079296642119,0.2154958051649227,-1.0,4.126244298107534
1.0,0.256786909283756,1.0,-0.100111959141137,-0.7876549030175488,-1.0,5.721660130538494
-0.3990376309137136,-0.2546944028551692,-0.8160715512083214,-0.6315441098641505,-1.0,-1.0,1.1785323815401727
-0.56451272914256,-0.6857766123590756,-1.0,-1.0,-0.3516663383901701,-0.0425793947809092,-2.350326651565805
-0.6482858506828355,-1.0,-0.0425003103427505,1.0,-1.0,-1.0,0.14142781990591047
-0.794018282598953,-1.0,-1.0,1.0,-1.0,-0.8704100016671454,-5.010468552027539
-1.0,-0.3553181140050978,-1.0,-0.0530299336653123,0.0159858975748432,0.6219137593260884,1.4916792957458092
0.7705553440084396,0.4886133324206476,0.4866014749683351,1.0,-1.0,-1.0,7.5175712220397175
0.3935418992404287,0.0241330116028666,1.0,1.0,1.0,1.0,-2.3311589941967927
-1.0,-1.0,1.0,-1.0,-1.0,-1.0,6.433652283473901
-1.0,-0.6090272934420591,-1.0,1.0,0.8488691589576767,1.0,7.999746769085935
-0.4657318785138546,-0.8778769407758271,-0.7287586439505414,-0.6949367449284891,-1.0,-0.3590924603803251,0.2734470292651261
1.0,1.0,1.0,1.0,0.1607855866258736,0.2750566651318236,-4.207625437054002
-1.0,0.0773630887283204,-0.8887881487241065,1.0,-0.6489288759535767,-1.0,3.3167053066324055
-1.0,-1.0,-1.0,-0.3564252608511256,-1.0,-0.3202429430457658,-4.197143875828992
-0.1994434047674813,0.541597133781953,-1.0,1.0,1.0,-1.0,-1.357579625411932
1.0,1.0,1.0,1.0,0.1921039191527429,1.0,-6.176301656711818
-1.0,-0.7598885097476795,-1.0,1.0,-0.9967734991479832,0.1684435431683377,-6.95374548821287
-0.7364813156342251,-0.0764815214677834,-1.0,-1.0,-0.941857082804482,0.8010568347566307,3.0772993449480834
-0.2992852870098974,-1.0,-1.0,-1.0,0.8941255515380155,1.0,-1.5255557479694377
0.6555942228257048,1.0,1.0,1.0,1.0,1.0,-8.036242911757505
1.0,1.0,0.1672968368061069,1.0,-1.0,-0.3408004976571579,6.482274868489787
0.1928459064919141,-1.0,-0.5799309147635909,-1.0,-0.8888804281949072,-0.4678535571834379,4.653092291466803
1.0,1.0,0.9347803547432848,-1.0,1.0,0.945895676551018,-0.5073229705305061
1.0,0.8684554928438879,1.0,1.0,-0.5910963081487433,0.6034326929612905,-0.0479359397174679
0.9520642988654856,0.1380200882168849,-0.1931017299335182,-1.0,0.0735868645687027,1.0,3.056567805130672
-0.6067066908101046,-1.0,-0.7522884231185158,-0.4302161695302871,-0.5561076031216803,1.0,1.0362041434473215
0.0804918395667315,-0.7794734875143572,-1.0,-1.0,-1.0,-0.8216020688936656,4.230397757680283
-0.7581247005620193,-1.0,-0.5248166396471305,-1.0,1.0,0.8529166144045768,-0.6510561036132231
-1.0,-0.5836128145516484,-1.0,1.0,0.884082464346067,1.0,8.286316405696132
-0.8417330212772034,-1.0,-1.0,-0.0243219840592503,1.0,0.8787916980001607,2.140110713408455
-0.6612095599745402,1.0,-1.0,-0.5487774608036311,0.7659975037386508,1.0,15.636560937592977
0.485921809903211,1.0,0.8872233017881548,1.0,-0.9673062907843132,-0.5900836832855598,2.8110018645129973
-1.0,-1.0,0.4863248461606237,1.0,-0.4693348919448004,-0.1278296125055986,-1.6005430249009542
1.0,0.2008589895333106,1.0,1.0,-0.9084697847007436,-0.8146355933326335,6.425415303575213
-1.0,-1.0,-0.8306642869479965,-0.944884647522574,-1.0,-1.0,3.989937138088001
1.0,1.0,0.4130242292385533,1.0,-1.0,1.0,6.958273775153575
-0.6486927972549441,-1.0,-0.8398500077599638,-1.0,1.0,0.5523044147440754,-3.910046605530678
0.1883954126052505,1.0,1.0,1.0,-0.5881783778978928,-0.1722253303032106,-1.4537337681395592
-1.0,-1.0,-0.2889230532124065,-1.0,0.724938574301494,1.0,-0.8895343877174974
0.0060238332966526,0.6122800081757556,0.384228713058466,0.9737862524377612,0.5693738645421875,-0.5279327603216659,0.0775957951949191
0.8000531899415162,1.0,-1.0,0.7818274524446387,-0.3477833620457768,1.0,9.58016768800326
-1.0,-1.0,-0.0326539012672946,-0.4859157916746921,0.739428108476164,1.0,1.8969595826061614
0.837483709769665,1.0,1.0,1.0,-0.1435356536837302,1.0,-4.203127866496786
0.690611953932206,1.0,0.1022591356749524,1.0,-0.2740795105324873,0.3981120768824744,1.4271999249849436
-0.8807785646127055,-1.0,0.8773580271675123,-1.0,-0.411409411990421,-1.0,6.81099101713298
1.0,1.0,-1.0,-0.9320316945502636,1.0,0.8766131499324978,4.734845171512538
-0.2197005299414594,-1.0,-0.0762283328304642,-0.6427080991232377,-0.1561348980284231,0.274837373566325,-0.6458825723628837
-1.0,-1.0,0.1637595893223691,-0.2572440524374035,-0.5500242160752782,-0.3971544444801573,0.2093292444812942
-1.0,-1.0,-0.9241781844738804,-0.6666226376822333,-1.0,1.0,0.1674752882080599
-1.0,-1.0,-0.2699880643327117,-0.0573605122728342,-1.0,-0.7609209628942621,-1.273123756497581
-0.8399479324074135,-1.0,1.0,-1.0,0.6874344790366702,-0.4161817469327538,2.9466360755390486
-1.0,-0.0483871470583265,-0.1848027769985378,-0.2087702369463637,-0.4854755961881734,-0.7883716906447431,0.163316898406641
-1.0,-0.7106787047501082,-1.0,-1.0,-0.1309818973879049,0.758493421854086,-1.6596729460523951
0.709184061558745,0.5269772229710699,-0.0782161850634288,1.0,0.3348650534719679,-1.0,2.858503724239917
1.0,-1.0,-1.0,-1.0,-0.8604433314537279,-1.0,13.493507602827368
-1.0,-1.0,-1.0,-0.5519210727830084,0.622823804811556,0.750924928479185,-2.5516772657992677
-1.0,-0.153487726258797,-0.3841368568649193,-0.9188144195756228,-0.2197004448196056,-1.0,2.9158032871425323
0.9968730797969032,0.4336428346157246,-1.0,-1.0,0.5948673227801613,1.0,2.5966632520897397
-0.7963065791563315,-0.3265514354872321,-0.8717701455116902,-0.2752840621122501,-1.0,-1.0,0.9814298386854703
1.0,1.0,-1.0,1.0,-1.0,-1.0,9.645760948779683
-0.8135595597290586,-1.0,-0.979363475757154,-0.4613340844440523,1.0,0.5427688228586618,-2.8406531145886786
0.3983420652411156,0.1204592545199538,-0.6526647983833058,0.0483364354958559,1.0,-0.934744672968294,-1.360541412306432
1.0,1.0,1.0,1.0,1.0,0.031746642270336,-8.026778928479967
1.0,1.0,1.0,0.3544181788827618,1.0,1.0,-6.52488836027418
-1.0,1.0,1.0,1.0,-1.0,-0.6377809460377857,-0.5859534964598593
-0.1601356918674212,-1.0,0.6299630934478992,-1.0,-0.950175169313809,-0.373512049604378,6.688012589659462
-1.0,1.0,-0.5934550408490027,0.6081109709250283,1.0,-0.9974245536160222,5.761372873440785
-1.0,-0.3966627150106008,-0.8042044277855969,-0.6033964294707945,-0.0813371740191928,0.8224611332761862,1.3393331920746896
1.0,-0.2104836826480458,-1.0,-1.0,-1.0,-1.0,8.583817321939764
-1.0,-0.0718977707651951,-0.4307143406972564,0.5634570851296632,0.1970913985650995,0.4831354283929638,0.8812221608340836
0.5471854763824597,0.4735683945531821,1.0,0.360526428887014,-1.0,0.2772797324771321,-0.04812047939961539
-0.1832184934033904,0.7792720866851486,-0.0670093094478749,-1.0,-1.0,0.4504687126489164,3.7327529339505463
-0.768213644176923,-0.723274045191761,-0.6230401569915087,-1.0,0.2241175620907305,-1.0,4.46937392297056
-0.8323582394838556,1.0,0.2405122446567431,1.0,0.5603158346277071,1.0,0.44562912153167206
0.5818831000424727,0.2045689921811737,0.8993961853279673,0.3992137854049085,0.0056094508178161,0.5095347065783484,-1.0300089308780933
1.0,1.0,0.4361542807785017,0.2904066349223022,1.0,1.0,-0.5097602060472107
0.386720406082008,0.5938733174131903,-1.0,-0.5815495536130293,1.0,1.0,6.9446300971432375
1.0,0.5400460228209587,0.9439183556353938,-0.5814730542129753,0.3062699030138092,-0.5340050365517379,-0.10105185483501244
1.0,-0.0987621780738954,-1.0,-0.7008921633240595,-0.6273150283908968,-1.0,5.273511192151452
0.1828667442036249,1.0,0.4469323371362363,-0.3021801995098807,0.5028345876384543,1.0,2.5440317608175738
-0.1512188707897355,-0.4706391229489339,-1.0,-0.9867432948931638,-0.0973995024958707,-1.0,3.7932108386542183
0.5154893493747466,-0.7288817583837695,-0.8657780729000413,1.0,-1.0,-1.0,4.131992944364224
0.3303789274694935,1.0,-0.9687558591126546,1.0,1.0,0.5599717006627831,0.05306658828403599
0.8974571099810968,1.0,-1.0,-0.0556213994442735,-1.0,-1.0,4.3050215147365885
-1.0,-0.702596522482061,0.5736837623193953,-1.0,0.1771324946294503,1.0,-3.134550735159786
1.0,1.0,1.0,0.6073979981626947,-0.7136017273201856,-0.1848084635895979,1.9124964257577735
1.0,-1.0,1.0,-1.0,-0.4368650592991792,-1.0,14.096794115926134
0.8104665543047593,1.0,1.0,1.0,-0.621868453909409,-1.0,4.975614973654549
0.6137561424379459,1.0,1.0,1.0,0.1649336193339192,0.4954243235430058,-5.041871394195681
-0.2268981204224496,-1.0,-1.0,0.5409782376921171,1.0,-1.0,-1.6441618050534546
-0.8842990206178962,-1.0,-0.4975098449634729,0.5056109103990971,0.4321151558552463,1.0,2.725519373913839
-1.0,-1.0,-0.2933647101701624,-1.0,-0.696490440160564,0.2096517743812498,-1.386776218212154
1.0,1.0,0.7467259279145027,1.0,-0.7229548161752131,-1.0,8.783675868645872
1.0,-1.0,-0.1665205746648201,-1.0,-0.6194556248678447,-0.6237670014576224,8.483786972586305
0.4576270906480724,1.0,0.2713051538976692,0.2122505876508551,-0.5036753830624399,0.1344891083660651,0.09243784670116706
0.1829019045304958,0.8580296124879645,-0.9110565777495364,-0.6028580637226983,1.0,1.0,9.81892855923348
1.0,-1.0,0.3522758772737864,-0.0104447963151761,-0.4153995419147427,1.0,4.391620896509861
-1.0,1.0,-1.0,0.3820473834918279,0.4593451526719458,-0.1235469118161838,2.9760747421997276
1.0,0.0507601492036049,1.0,0.4126370494895728,-0.5258633307317426,-0.7139241220332349,4.824832241177788
-1.0,-1.0,-0.1144038791017865,-0.3296136477422291,-0.680133558975762,-1.0,2.1154459998246082
1.0,0.4705171255440339,-0.2805780488155434,-1.0,-1.0,-1.0,7.69247746796119
1.0,0.3702190670247063,0.5592081049009583,0.1644283553602936,-1.0,-1.0,7.2613115217159745
-0.468737841836,-1.0,-1.0,-0.6173086960765168,-1.0,0.4070913516560817,-1.6705880040850891
0.3881245337835458,-0.7378382781569532,1.0,-0.3042106072294959,-1.0,-0.9100065471088225,5.399449268849909
-1.0,-1.0,0.875550403389548,-1.0,-1.0,-0.3484588376655881,3.678139138498069
-1.0,-0.149838296992566,0.44311741919561,1.0,-0.5650652995271126,-0.5468578283338943,-0.8510756500365052
-0.2330069464567135,-0.0288626366572657,-1.0,-1.0,-1.0,-1.0,1.0930272814297908
0.8592617735879431,-1.0,0.9958628504252308,-0.7292441459712347,-0.2236237182000888,-0.7593177368113555,8.07343504577492
1.0,0.8656043834281437,0.0332166456573379,0.5390581644958405,-0.9607524751255472,-0.7936508654768151,5.96827878678111
-0.9652127067259052,-0.5492359487822804,-1.0,-0.5751022580886744,1.0,1.0,5.893230578357005
0.3770035161684952,0.5592531806914378,-1.0,1.0,1.0,0.6628648240783628,-0.011291252655813988
0.6075888816876029,0.6086222410679683,-1.0,-0.7205271070019919,0.4696339641431788,0.2714646624670069,0.04153963592340504
-0.3649251318000646,-0.020612761962333,-1.0,0.8978459342899838,0.7891681140483853,-1.0,1.2069728475874917
1.0,1.0,0.2485733474012041,1.0,-0.6156373236674793,-1.0,9.922398106737143
1.0,1.0,1.0,-0.0550942436939176,-1.0,-0.4028364536219564,2.0036879298009107
-1.0,-1.0,-1.0,-1.0,-0.7725896977922153,1.0,0.167287767262134
1.0,0.4463301899108527,-1.0,0.7588017363202297,-0.7401170441171021,-0.8044423362366491,3.442584581847542
0.1379310904366506,-1.0,1.0,-0.770575283568828,1.0,-0.6749205115085104,3.1645947160386503
1.0,-0.7654974191225437,-0.2959035812277109,-0.8933483566106255,0.897568545694241,1.0,-4.8196014337476445
0.2316570913625582,0.9019123154562664,1.0,1.0,0.1248350242178353,1.0,-4.913341559665728
1.0,1.0,0.6936571543468371,1.0,-0.4004295217805713,1.0,1.0331588175117452
1.0,1.0,0.0356188521022955,1.0,-1.0,-1.0,11.5500372122303
-0.9258711492622548,-1.0,-1.0,0.1844659810086202,-1.0,-1.0,-0.6293945183349549
0.7685926692706049,1.0,1.0,-1.0,0.4565753284278591,0.4891561442515075,-3.510558973783295
1.0,0.854804400746701,1.0,0.8494129008729949,-0.4647338177026952,-0.5694469570069758,3.0552876795493953
-1.0,-1.0,-0.8983973475208176,-0.7292593973280566,-0.3525420509160288,-0.1938622892350523,-4.213676270203251
-1.0,-1.0,-1.0,-0.5677266714904761,-0.6372514763924526,-0.1988888103291948,-4.413045005045708
1.0,1.0,-1.0,0.286928078426333,0.4691190889900929,-1.0,-0.34539302943475503
1.0,1.0,-0.0355515808042676,0.6156483096553851,-0.5630435709385089,-1.0,7.55107933263331
-0.3598878526638178,-1.0,0.9057304110307784,-1.0,-0.0096067403969191,1.0,-3.2045412149000563
1.0,1.0,1.0,0.9298678033867056,1.0,-0.9218691758125664,-5.528870834100445
-0.3575695354699324,0.1480833294727204,-0.785982223145425,-1.0,0.2459794152522108,1.0,5.691976562202141
-1.0,-0.6943672709449746,1.0,-1.0,-0.2467386120889201,1.0,-6.324756760798974
1.0,1.0,1.0,0.2371510045874969,-1.0,-0.3293083474874632,2.4328191192148108
-1.0,-1.0,-0.905476937380967,-1.0,-0.54188319613792,-0.9727274245303597,3.0113037334428516
1.0,1.0,1.0,1.0,-1.0,-1.0,8.957226474194364
-1.0,-1.0,-1.0,-1.0,0.3820549452417432,0.1068172306349872,-7.982805394871947
1.0,1.0,-0.6177132399558687,1.0,-1.0,-1.0,10.886468044616798
0.3030951964993473,1.0,-0.509860364279741,1.0,1.0,1.0,4.297167366432352
1.0,1.0,1.0,0.4947349801040352,0.7481637656247098,-1.0,-2.644052220892162
-0.904734680592493,-1.0,-0.575878558514203,-0.5374978797759133,1.0,1.0,2.7798804269751884
1.0,1.0,1.0,1.0,1.0,1.0,-9.980459470377383
-0.7398224903178423,-0.5398436949957053,-0.0525266248196274,-0.5316640248130153,0.5238933002277906,-1.0,4.6643853882103326
1.0,-1.0,0.2298877079362398,-0.3748534777733849,0.3102409538312367,1.0,-0.5708272296058129
-1.0,1.0,0.5599079941582799,0.2607082563850085,-0.4730769920397339,-1.0,-0.6636054439434688
-1.0,1.0,-1.0,-1.0,0.5988578406465457,1.0,14.977887882854553
-0.9642577849499044,-0.1987036749893072,-0.0244907831287191,-1.0,-1.0,0.1621756635733551,-0.43356910888804545
-1.0,-0.5014177441275613,-0.9642429162291966,-1.0,-0.9330513616318424,-1.0,3.6797805086505044
0.7548948208049724,0.5752120905954876,0.1165656688909664,1.0,1.0,0.926845037681418,0.334659212649567
0.0674899526796595,1.0,-0.4865292116498696,-0.5756625778279929,0.0403829658981702,1.0,7.3881210635519405
0.5971970622142204,0.5668383763053242,0.0212803013944438,0.4514315520685059,0.4813025662562977,-0.8543512709262862,1.3077605997340123
1.0,0.0365155065178983,1.0,0.2000926731518371,-1.0,-0.8196361903004934,6.8793409439795905
1.0,0.6352155504245092,1.0,0.415154271212782,1.0,1.0,-5.869750892960354
1.0,1.0,1.0,0.0357577111089759,-0.0098648373955403,-0.3946841031620103,-1.3561317639522334
1.0,0.0190809917034613,1.0,0.6041066650141018,0.8756657916125545,0.804966452088981,-5.844659950019155
0.9889679569529716,1.0,1.0,1.0,0.0623670602308079,1.0,-5.36426737770129
-0.7386645183855649,-0.0492831459200784,-0.6799586227796652,-1.0,0.7448017723337927,-1.0,5.859015796191524
-0.5183263429934004,-0.4603204421487903,-1.0,-1.0,0.3398210435584949,-1.0,4.870891213950514
-1.0,-0.1387602010935522,-0.4973599621928799,-1.0,1.0,0.5041935166712148,4.027742319677074
1.0,0.1640038198683031,1.0,0.6792720242925803,1.0,1.0,-6.060051885788181
1.0,1.0,1.0,1.0,-1.0,-1.0,8.957226474194364
1.0,0.0975428668152542,-0.8536994870061627,1.0,0.407766128292452,1.0,1.6983815895642445
0.9700752185408368,1.0,0.4178703159074466,-0.2505513226338469,1.0,0.6166373025881664,-1.4835017328276625
-0.4146499786391535,-0.873755599166318,-1.0,-0.8380056132084359,0.2586608702699868,1.0,1.246594447066021
1.0,1.0,0.2385769569981843,0.0624487455564399,1.0,0.6183207610899162,-1.5024772463139362
-0.3454091075036585,-1.0,1.0,-0.628448586403519,-1.0,-0.003098400493986,2.720917447013442
0.7122762205865116,0.9762859386958248,1.0,0.2874213330148845,0.3938748653357318,1.0,-4.203083916799835
1.0,-1.0,-0.3614401827043088,-0.0499939191124099,0.5209038061007059,0.5018431105950008,-3.028210289663105
0.5417398004492879,-0.9602997717543064,-1.0,-1.0,1.0,0.1972016558202074,-5.78060025298753
1.0,1.0,-0.8482071787699894,1.0,-0.1748762445756897,-1.0,6.709824466285994
0.4908630923544479,0.0096711091077132,1.0,1.0,-0.9280923157129928,1.0,-0.7154141202755876
1.0,1.0,-0.5861876540032507,0.8172376198834901,1.0,-0.9109944426341192,-1.5889415595870204
-0.0920198409700039,1.0,1.0,0.9459104091001572,0.4986554364415769,0.4108324608934797,-5.601210679835203
0.9216479022838078,0.5710773039340908,0.3418707647673058,1.0,1.0,0.2362136143934223,-2.9016534024150644
1.0,1.0,1.0,0.0728003194213453,1.0,0.168819144662635,-5.204777060151044
0.5868577247937463,1.0,-1.0,0.4559875917424236,1.0,0.8752319305276877,4.807445955028203
-0.5695348561552636,-0.7207959314873198,-0.1343250910346054,-1.0,-0.3716413954524298,-0.064026759047628,0.38853747471036393
-1.0,-0.1615829371818509,1.0,-1.0,-1.0,1.0,-6.058866071078919
-0.4032900846792324,-1.0,-0.687967890923217,-1.0,1.0,0.8992362111546981,-1.4840649183191186
-0.6411920692547495,-1.0,-0.6669271160563102,-1.0,-0.8065473601951967,-1.0,4.974328924454363
0.0468070527227721,1.0,1.0,1.0,1.0,0.817243543243279,-6.710833152711462
-1.0,-1.0,-0.6900885605183593,-1.0,-0.3263089607703473,-1.0,3.508673593675187
1.0,1.0,1.0,0.2923243546030512,-1.0,-1.0,3.8735767898786357
0.5357568622082656,0.8347445165322922,-1.0,-1.0,-1.0,-1.0,3.177147923004571
0.6563828927135587,1.0,0.7811106243340367,1.0,-0.2466015684177194,-1.0,3.625324627718558
0.5124306571325408,1.0,1.0,-1.0,-1.0,-1.0,-2.001212417768894
1.0,0.8600430448849561,1.0,0.3739662859858086,-1.0,-1.0,5.246235100294624
1.0,-0.8982102294935699,1.0,1.0,-1.0,-1.0,10.459381477666954
-1.0,-0.1197093425676349,-1.0,-1.0,1.0,1.0,8.59492198195915
0.6854402284671075,0.2531879507280101,1.0,1.0,0.0049579792836711,0.989692643191757,-2.8663401455599957
-1.0,1.0,0.4178338566834276,-1.0,-1.0,-0.3281671028253743,-1.023029106847551
0.8628624893035841,0.150725447939652,1.0,1.0,1.0,0.7718836460236609,-5.953096260675014
-1.0,-1.0,-0.0504318368237586,-0.5142745127260442,-0.9824171278877318,0.2289062159385291,-1.8461590775570689
0.7565979991659446,1.0,0.5354709210270763,0.0921615913442588,1.0,0.1806686052478587,-2.443675327922894
1.0,0.5479789467676486,1.0,0.5147379606112168,-1.0,1.0,2.4184693929602004
-1.0,1.0,-1.0,-0.7176712728866921,0.7116872297380066,0.7701060629892214,11.104945562379697
0.3152131645573293,0.7272769713104263,-1.0,0.2305209610916339,-0.9669330075902351,-1.0,0.87065122178692
0.3255756780908101,-1.0,-0.4791566259908077,1.0,0.4184870041647912,0.9420260537782446,2.3516658534150254
1.0,1.0,1.0,1.0,-0.2845074888809933,-1.0,4.405404472688345
1.0,0.1372887852486892,0.1353251059888058,1.0,-1.0,-1.0,8.849129499288242
1.0,1.0,0.2782999825407382,1.0,1.0,1.0,-1.5044755574990774
1.0,1.0,-1.0,1.0,-1.0,1.0,14.891307449450908
-0.3958828153088943,-1.0,1.0,0.3596808974416907,-0.9851291533996732,-1.0,2.5948163174909986
1.0,0.8903485458236493,0.1104017136433115,0.2618871694011946,-0.9763311561521608,1.0,6.828132442248016
-1.0,-1.0,-0.0467439210061397,-1.0,-1.0,-0.3288802652286851,2.694835988453936
-0.7981474101724111,-0.3673322781128358,0.0467189573775137,-1.0,-0.1425486065606052,-0.4396678407434116,0.9307450935751888
-0.2184106092035431,-0.0875708713403893,0.9779894014238376,0.2516578766547632,-1.0,-0.7521336922332553,0.04047077162206558
1.0,1.0,1.0,1.0,-1.0,-1.0,8.957226474194364
1.0,1.0,0.9970671400685164,0.0162143765014024,-1.0,-1.0,2.4933703843174087
-0.3082766734902489,-1.0,-0.4675345823653154,-0.0911429510493915,1.0,1.0,3.213311293376226
0.6105074374992581,0.092400981993588,1.0,1.0,0.6569685025486451,1.0,-3.295756798126179
1.0,0.2171664301820979,1.0,0.951776440098456,0.9429757057813022,-0.7681732100289484,-2.9655116636730385
-1.0,0.9534135387332184,1.0,-0.9202888506128292,1.0,-0.0265907434749497,-1.948110931147471
-1.0,-0.7330541839020333,-0.1207226837930797,-0.8574508794926718,0.920436727537276,1.0,3.14845981599767
1.0,1.0,1.0,1.0,-1.0,-1.0,8.957226474194364
0.427821037968747,-1.0,-1.0,1.0,1.0,1.0,1.0217780694439103
-1.0,-1.0,-1.0,-1.0,0.7573361105777352,1.0,-2.359983701127942
-1.0,0.7297341525949892,-1.0,-1.0,1.0,0.2781853565304752,3.276976945543674
1.0,-1.0,0.733993947262972,0.2208757892198798,-0.4003578201600437,1.0,3.8149449649603118
0.7286017771473392,1.0,0.0992394593274195,1.0,-0.0163676921690154,-0.2770372728287005,1.3838158203272806
-0.371925116131766,-1.0,1.0,-1.0,0.1771786864296503,1.0,-4.6809394033247385
0.3649146731537627,0.4932281043293969,1.0,1.0,0.4375141711357384,0.3737442105694035,-3.0606515934822616
0.2668576077452942,1.0,0.6782051488741463,1.0,-0.910663841198312,-1.0,5.144456141476023
1.0,1.0,0.150006597784051,1.0,-0.7946893215795157,-0.7100800162698098,7.9061020653448235
-1.0,1.0,0.5843768256008579,1.0,-0.397508758517892,-0.0073938596873404,-2.412440282728016
1.0,1.0,0.3280382287961509,-1.0,1.0,1.0,4.107709704802829
0.8295519582286586,1.0,1.0,0.2402487003990252,-1.0,-1.0,1.8670856193034635
1.0,-1.0,1.0,-1.0,0.877553756873489,0.7960897415876014,-11.198370711405072
-1.0,-0.932869774114914,-1.0,-0.0886442223522356,1.0,0.5240667338837866,-2.6870148773998235
-0.6004099284429922,-1.0,1.0,1.0,0.9105020582087568,1.0,0.6129265657399212
1.0,1.0,1.0,0.8779834269177678,-0.9512347928504477,-0.5017493074354078,5.348192502381566
-0.2296926658213569,0.1401523477740491,1.0,-1.0,-0.4669861220344742,-1.0,0.05191733576774071
0.3826776900997859,1.0,1.0,1.0,0.4830598336186973,1.0,-6.198386569926315
-0.0821515946573931,-1.0,-0.4514927365698369,-1.0,-0.5544578170221379,-0.7246651194006213,3.5272111554529206
-1.0,-0.720079053711121,-0.6727279346301274,-0.4903662073704919,1.0,1.0,4.457838627831245
0.0447926547352981,1.0,1.0,0.5777074288889819,0.2637325138197752,1.0,-3.619084482461964
-1.0,-1.0,-0.1262552415760423,-0.272145915768784,-0.0055850197709592,-0.8413905077123391,2.7216136170282774
-1.0,-1.0,-0.8484833671706618,-1.0,0.8432575046412896,-1.0,3.809718589816463
0.8205225436779067,0.5699817672035539,1.0,-1.0,-0.9186323256618802,-1.0,0.9874067405700684
-0.8382218663208789,-1.0,1.0,0.6204926119066587,0.0128543225253772,1.0,-0.7397978645553652
1.0,0.1843552174296905,0.349036237491714,1.0,-0.2168769633092346,-0.7962952833129546,3.999913223317563
-0.0162663364998765,-0.9421205045279396,-1.0,-1.0,-0.7761755840164215,1.0,4.391911318886243
1.0,0.1423879804646242,0.838564165041219,1.0,-1.0,-0.5934807170520577,5.8804557022727195
-1.0,-1.0,-0.0787661776892203,-0.2900790321542219,1.0,1.0,4.149324150849506
-1.0,-0.8880134479053814,-1.0,-0.4600792337770381,0.5189246380029029,0.3684623462311709,-3.7997829923934074
-1.0,1.0,-1.0,-1.0,0.6921134246054959,1.0,15.60986035679083
0.1980398313915647,0.9594586825977028,0.7337213626582302,-1.0,-1.0,0.7586287658880926,4.696497609657351
-1.0,-0.3739286952346152,-1.0,1.0,-0.9899672747434864,-0.4637370412474473,-5.4087419493905715
-0.6582741189825922,-1.0,-0.9000331078800572,-0.1763280651556511,-0.5617328374333994,-1.0,2.061434682659413
0.5913253601341153,-0.7880376652336303,-1.0,-0.2984795127680362,-0.8131987928767952,0.9777367529306752,3.665954498537676
-1.0,-1.0,-0.5601559666460016,-1.0,0.1820534207521189,0.5186134849032755,-4.338269811855823
-1.0,0.4960684580101717,0.7199108556849658,-0.1106120205130416,1.0,1.0,1.9082468699834463
-0.0260323693297024,-1.0,0.1767470936156188,-0.0570221387629639,0.9793923732016628,1.0,2.857814159301463
1.0,0.3085925150308919,1.0,1.0,-1.0,-0.5914524787368531,5.998378912141421
0.5082219595823356,0.5081000048124305,0.88911959700905,0.6696878068728085,0.8424952340664762,-1.0,-0.6984231865737837
0.7595488506367778,0.8524262174676158,0.7773743411816365,0.8245594708838728,-1.0,-1.0,6.365106955920575
0.8346570960207347,0.8895310303283592,1.0,0.0760448349150793,0.5435726147268418,-0.8033186267982266,-1.7477143401835473
1.0,1.0,0.1429945420775353,1.0,-0.7458863021224975,-0.5790083195695559,6.763264400268181
1.0,1.0,1.0,0.1521088541796011,1.0,1.0,-5.759005935683737
-1.0,-1.0,-1.0,-1.0,-0.2582679635788978,-1.0,2.97409714515526
-1.0,-1.0,-1.0,-0.7502431809602625,-1.0,-1.0,2.6238661816871627
0.8501857797502754,-1.0,-0.5208987930651052,-0.7987830736313402,-0.935890523800052,0.4070536267231948,5.4286721759157635
-0.8259149868579891,0.0814858233142239,1.0,1.0,1.0,-0.2651972495304751,0.6366672276250782
0.7159033350062984,1.0,1.0,1.0,0.2150077455175394,1.0,-5.912303136456022
-1.0,-1.0,-0.6069798758851539,1.0,1.0,0.4549941433452407,-2.3720969367600495
-1.0,1.0,-1.0,-1.0,-0.6297801073675391,0.2755095505279716,1.7493287348089197
0.7441961510682857,0.7698151403670612,0.1533366481920302,1.0,0.9185374392554888,0.1872149347299105,-1.8927022125489565
0.3597120373607256,0.4051623013535768,1.0,1.0,-0.8849375762525724,1.0,-2.1935707433205462
1.0,1.0,0.5638515129471557,1.0,0.7236971094581164,-0.9907126789157684,0.42382599284479894
-0.1933699711827945,-0.8597371869831494,-1.0,-1.0,-1.0,-1.0,5.214591620560563
-0.437739659075459,-0.9669092379972364,-0.2878329970572915,-1.0,-0.2556205534477869,1.0,0.0633578891543547
1.0,0.3199404235047389,0.2405501371143408,0.8539461145994014,1.0,0.662599707426758,-2.3594632687003623
-1.0,0.2318853090086015,-1.0,1.0,1.0,0.6090015792527119,4.204016078407286
-1.0,-0.6280412189169222,-0.1418215821568738,-0.9230312947294383,-0.0038909705653158,-0.255444158369557,0.26761265572556897
1.0,0.7205874650174029,-0.3310150709095814,0.6469569683871408,-0.3898769819564536,-0.3737162400833111,2.519040914479735
0.3393596239542313,-1.0,-0.5405369047702013,0.105134102393652,-1.0,1.0,4.162769499818834
-1.0,-1.0,-0.9313360648192676,-1.0,0.9297966832300928,1.0,-1.6254719377495053
-1.0,-1.0,-0.0240294639153295,-0.4197954399415258,-1.0,-0.5278459585038211,-0.15276546005105696
1.0,0.277307866264185,0.1623558431591738,-0.6700578213308219,-0.6227638325641385,-0.3874792907921329,2.871989581294998
0.0236597844081591,0.9553936048492906,1.0,0.4100788426328652,0.024929246063629,1.0,-2.8175790723019465
0.0280770793696534,1.0,0.8533468608695687,1.0,0.6237124995266656,-0.6819057649402498,-3.420091793958456
1.0,-1.0,0.3692830032731853,-1.0,0.2539827652050606,0.3652049595432343,-2.225641235076351
0.38887682473534,1.0,0.7494440115024128,0.924454128272152,-1.0,-0.5922670420177039,2.5777163257241513
1.0,0.580973365583211,0.9625219768036974,0.8168753072193218,1.0,1.0,-6.455164675059809
-1.0,-1.0,-1.0,-1.0,-1.0,-0.6107599873769398,0.35959713308450547
-1.0,-1.0,0.1387729453034716,-1.0,1.0,0.6599726827886885,1.4870073608977579
0.3931295734158555,0.8611938461963125,0.1063957580647598,1.0,-1.0,-0.5775913227511213,4.005711001169586
-1.0,-0.2811407048617096,1.0,-0.0876534847966159,0.8136956469681833,1.0,-2.1950322183027864
1.0,1.0,0.581841743401948,1.0,-0.7623897601735901,-0.5053288764389368,5.556507772239847
-0.0627018033249537,-0.9705189174777422,-0.0864093169008384,-0.6539748948303898,-0.7964747048108636,-1.0,5.7224824590492265
0.5516963593545972,1.0,-1.0,-0.8384408310453293,1.0,-1.0,-3.487243391282822
-1.0,-0.3084722138099316,-1.0,-0.6885218275398264,0.2774341729159204,0.1283236390514663,-1.7292934433246878
-1.0,-1.0,-1.0,-0.4861375873374485,-0.387332911001627,-1.0,3.120724304052511
1.0,0.279221090083938,1.0,1.0,-0.1873175474304722,-1.0,3.964403240077366
1.0,1.0,0.0587266436625328,-0.2167120348338387,-0.013587253388658,-1.0,3.0248902384701504
0.2696537208325986,1.0,1.0,1.0,0.0946165945733912,-0.0381865954658449,-3.7249080992960626
-1.0,-0.3922025151945463,0.2897053179548878,-1.0,0.313926760171364,-1.0,5.240614629274485
-0.4955751131859698,-1.0,-1.0,-1.0,1.0,-0.8288675388247793,0.1809500751090014
0.3561985292373757,1.0,1.0,-0.9235729944327536,-0.5856892056922427,-1.0,-3.517762261710726
-0.242764002742708,-0.7879753988551648,-0.1824894370103089,-0.0566215305813559,0.3166413715910796,0.0971714738227824,-0.00989112167013817
-0.6840833937637256,-1.0,-0.0485738717100689,-1.0,-0.4154691026670596,-1.0,5.6977853739892605
1.0,0.1637015402292405,1.0,0.1317233995818716,0.0968739211327234,0.5301534788746327,-1.7521811377906613
0.9918657185731324,1.0,1.0,0.7811852384291447,-1.0,-0.6185262962514304,5.3878098561835435
0.3502391044270689,0.713881793617992,0.3752769054668585,0.4449382659853518,-0.3504629536075951,-0.2092430627885757,0.3020537833730598
0.9044651115270244,0.8632743975206343,0.9603198134980953,0.6260321774169366,0.99186759307232,0.8711871526464126,-6.30134506446804
-1.0,1.0,-0.5974989069004853,-0.8625844487552876,0.5772200036110169,1.0,10.765511099268661
1.0,1.0,-0.9019650157855228,1.0,-1.0,-1.0,10.019914206705618
-1.0,-1.0,-0.7380796667996887,-0.9523283821622875,0.7663925876212052,-1.0,4.342513393676383
1.0,1.0,0.2732929993455573,1.0,1.0,0.2200832260714527,-3.39938484604327
1.0,0.6972504769226158,0.7478050603313453,0.2009975677825142,-0.6444318235620643,0.5974862315581322,1.2731141088037046
-0.0596802195153747,-1.0,0.6824240470333198,0.5111466717544659,-1.0,1.0,4.735326050367687
-0.1858206436612182,-0.6104268726924051,-1.0,-0.5354020520769083,-0.5388228977744964,1.0,3.8731657114762985
-0.2957591247085245,-1.0,-1.0,-0.9945657552879296,-1.0,1.0,5.347942949762407
0.6411907874100855,0.9913505599921322,1.0,1.0,1.0,-1.0,-6.500253384560054
1.0,1.0,-1.0,0.4078282490310798,0.6069036690937728,-0.2268780681102622,-1.2477172211627021
1.0,0.8731713878229546,1.0,0.1931782117589124,1.0,0.7648691938567662,-5.900463510997878
-1.0,-1.0,-1.0,-0.4142261762518322,-1.0,-1.0,1.1290049977679348
-0.4500260493448955,-0.2728121359486932,-1.0,-0.6820936598572847,0.699564733877623,-1.0,4.939920162517073
-0.1925253914257094,-0.7634253132470914,-1.0,-1.0,1.0,1.0,1.9188951680397253
-1.0,-0.1674224350053308,-1.0,-0.3712721384437758,-0.6861514942398215,-1.0,3.6833575517669184
-1.0,1.0,-0.1036694849180879,-1.0,-1.0,-0.0246617011764658,0.05274546830097804
-1.0,-0.0556902136954129,-1.0,-0.2059778303350599,0.6502174833242098,1.0,8.57498565963403
0.5905994514405724,0.9581815109958598,1.0,1.0,-1.0,-1.0,4.966252088965205
-1.0,-0.7712169863283576,-0.1292587047306466,-0.7687895481511049,0.65503886532346,0.4546102232396678,0.4401141152962987
1.0,1.0,0.2346200344458626,1.0,-0.8863771023764866,-1.0,11.038830718802469
1.0,1.0,0.5242502906985258,0.1210120474358973,1.0,-0.3671101930952063,-2.365641075910922
-0.2666169659365016,-1.0,-1.0,-0.5287634200066609,1.0,1.0,1.9618468370631241
-0.8889052683014615,0.7375917521030215,0.9148953674059884,1.0,0.4435223746976338,0.2350693950571409,-3.5838803354180873
1.0,0.9211267242241288,0.7782347071511997,1.0,-1.0,-1.0,9.843012158226973
-0.6272460752159277,-0.2324691687866618,-1.0,-1.0,-1.0,0.6639261971195054,1.901403407001165
-0.6211151885029746,-0.9930559073926116,-0.9404142473050628,1.0,-1.0,1.0,3.453674432041598
0.30283921598744,0.0219890507532964,1.0,1.0,0.0624076603151386,-0.4378398127147225,-0.7369100972578869
0.8290995488668524,1.0,0.5215989966310974,1.0,-1.0,1.0,5.2452668417456545
0.4751666672634704,1.0,0.1630989594026419,0.1516459868842403,-0.0721291950909142,-1.0,2.267000316312972
-1.0,-1.0,-1.0,-1.0,-1.0,-1.0,4.341839536276752
-1.0,-0.2206319982137479,-1.0,-0.1424502177714024,-1.0,1.0,3.8775001402496954
-0.9500877902955024,1.0,-0.2554418237925275,1.0,-0.1782364167550278,-0.8206969856855348,2.105739349369356
1.0,0.3243240302509611,0.2524580880718658,1.0,-1.0,-0.5992556661013388,5.4842929949402635
-0.0716047014948535,-1.0,0.4990493552694117,1.0,0.937192628662362,0.9336362231625944,1.5527533305264583
-0.765251242887494,-1.0,-1.0,-0.5991298281795834,0.6913934141850591,1.0,1.4855578017747089
-0.2581452425038859,-1.0,-1.0,-1.0,0.9289802405479816,-0.1347405078429218,-4.893291185878402
1.0,-0.9903188412936356,1.0,-1.0,-1.0,-0.0411243634104967,11.735755402238732
-0.3218148284599462,-0.8189945794543456,-0.0328087900596818,-1.0,0.3538830697828208,-1.0,5.243003734175149
-1.0,1.0,1.0,-0.2117183935112492,-0.1160337529311057,-1.0,-2.075527599552951
1.0,0.9553434247082322,0.7863861464792885,-0.1115605159679102,-0.4331985348494931,-0.9276900212654348,2.3736151415401006
-0.9909687219147916,-1.0,-1.0,-0.5038760047898094,1.0,1.0,2.0315551668301737
0.6582351478883102,1.0,0.3745973000537375,0.8053775710115971,-1.0,-0.5397541585528725,3.878190799252302
-0.5501270454460068,-0.219810890238489,-0.7581540197401497,-0.8970837626378563,-1.0,-0.5924039084366071,0.1507843832032253
-1.0,0.5251315602600122,1.0,-1.0,0.3591503947074028,1.0,-3.796564288916287
-0.3019278206383513,-1.0,-0.7614286841336839,-1.0,1.0,0.3613315632897262,-3.5993025811433497
1.0,1.0,-0.6550399077418712,1.0,1.0,0.6764170275272996,-1.0389962745073333
1.0,0.3227679110118384,0.6455165194180159,0.2037106993421242,0.8557202767978185,-0.1430564128171734,-1.9040021974161316
1.0,-1.0,0.7937581322576857,1.0,-0.891394178592134,-0.1863160784130708,7.112274503112408
0.6590511518525362,-1.0,0.3174383248973713,0.1128195091134747,-1.0,-0.5127122474583774,5.258136334100876
1.0,1.0,1.0,1.0,-1.0,-1.0,8.957226474194364
1.0,1.0,1.0,0.4203161308642427,0.4814213340690956,-1.0,-1.1279999154592035
-0.0189621701042896,-0.1945610125734957,1.0,-1.0,0.5628145357960461,-0.6853738874004736,0.5164129305876511
-1.0,-0.7431378872058139,-1.0,-0.0020272134711043,1.0,1.0,6.021642620906283
-1.0,-0.1448578532842031,-0.9931588050482651,-0.2569260370873587,-1.0,-0.4533765806645362,-2.047639554728251
1.0,1.0,-1.0,-1.0,0.2138010228817459,1.0,10.32849197053266
1.0,0.6990654350310783,1.0,0.0758682165070563,-0.1481443068328707,-1.0,2.9707027898220546
0.4120627214940544,1.0,0.6067499048167877,0.5188793716798392,1.0,1.0,0.3982982172951865
-1.0,-1.0,-0.1012362911684257,-0.1472180220459624,0.72644213936336,0.4616590317567259,1.1985756263480445
0.4424176753087638,0.2920930335409508,0.538070392373108,0.6775106617766604,-1.0,-1.0,4.605656629749855
-1.0,0.9912387764123938,-1.0,-0.918473153245568,1.0,1.0,18.18433454076172
-1.0,-0.5344310578657354,-1.0,-1.0,-0.4533910466520305,-0.473851930571902,-1.1815366727556644
-0.8233758258755106,-0.4146150725909685,-1.0,-0.7296549888464061,0.9056719059515884,1.0,6.578992000730116
1.0,1.0,0.7530104833348283,0.0368001957572865,1.0,1.0,-2.4741399264595003
0.1557129320449481,0.6429446312850424,-1.0,-0.251935440845658,1.0,1.0,8.314194782993159
-1.0,-1.0,-1.0,-0.3446676779366118,0.4909111675770927,0.569543287028937,-3.210847159686382
-1.0,-0.955940089950522,-1.0,-0.0263336481496943,-0.3633373797191921,0.6848002671884046,-1.9268820051145115
0.0522441874005445,0.5288944676842895,-1.0,-0.1429874508835441,-0.5068410901909499,1.0,7.437736252957752
-1.0,0.2530348126288557,1.0,-0.0280358301501639,1.0,0.9849255529621516,-1.8256088638357562
-1.0,0.6216428972797308,-1.0,-0.9023567707367108,-0.1845236628771467,0.5730101692470153,2.510030391579385
-1.0,-1.0,0.0033380921186363,-0.0833059870517229,1.0,0.9387308214659492,4.054785898490679
1.0,1.0,1.0,1.0,0.6337392388806697,-1.0,-2.7297910760811606
1.0,1.0,-0.2383904002158481,0.704635793959981,1.0,1.0,1.840041892201567
1.0,0.3933263082311184,1.0,0.236192289339487,-1.0,-0.8218002780627784,6.0696139578176505
1.0,1.0,0.7312232210920995,1.0,0.4310534213949599,1.0,-4.096987790045826
-0.0938840791209467,-1.0,-1.0,-0.7954226184302022,-1.0,-1.0,4.006575794663166
0.6392237504601253,0.0776698042816472,-1.0,0.4229120820037781,-1.0,-1.0,2.429758167408737
0.6456894643178888,1.0,0.7629368700656063,1.0,1.0,1.0,-4.594601411237213
0.8069411787911478,1.0,-0.0573817552215518,-0.9279143958581696,-1.0,-0.849085827645534,6.66914085300265
-1.0,-0.6615626000922308,-0.8445405290947036,-0.014191274776474,1.0,1.0,5.944543466348591
-1.0,-0.1761655987731865,-1.0,-0.5565399022910893,-1.0,-1.0,1.6234788736071186
0.593185114715332,0.3200662531764915,1.0,0.6106580177815735,0.944379220676004,1.0,-3.3137839509407407
1.0,0.2931034084340986,-1.0,0.1560323995501875,1.0,1.0,-0.566111333386852
-1.0,-0.7878793881165049,1.0,-0.6553244232878215,-0.1997053483332611,-1.0,4.793528664671731
-1.0,-0.744444757927134,-0.5897674285630552,-0.4854406811839564,-1.0,0.3191661825630849,-2.7292137657914983
-1.0,-0.4619856881045185,-0.9767531475505128,-1.0,0.1228871321732072,0.7202118983266774,-0.11298647449927934
0.4670919991115914,1.0,1.0,1.0,0.5359166994566258,1.0,-6.451257659302378
0.2881474505811796,1.0,-0.8836618916549948,0.2482047917015257,1.0,0.8791423353085233,6.908016111185951
-1.0,-0.947873735062598,-1.0,-1.0,0.5936757403995092,0.2640302997365371,-7.406114521223409
1.0,0.0956137301977233,-0.7377882178989259,-0.488682951133832,-1.0,-1.0,6.04216293165506
-1.0,0.1394269862901676,-1.0,0.0160088116723275,0.0667411358227758,1.0,8.595405121710321
-0.8658656437338981,-1.0,-1.0,-1.0,1.0,0.0015202032448966,-7.003585214608246
1.0,0.6004255554413802,-1.0,1.0,0.7839894110237469,0.4657965317082562,-3.4735385681628794
-1.0,-0.2484797203098643,-1.0,-1.0,-1.0,0.377954115670795,-1.2339396232475894
1.0,0.2580794845204781,-0.7732408835420801,-1.0,-1.0,-1.0,6.781423203923944
0.4599528909492014,0.2829280205543758,0.109523521840948,-1.0,1.0,1.0,4.0486997047449185
0.6721346905553947,0.0761442675218904,1.0,1.0,1.0,1.0,-3.9370361502377658
-1.0,-1.0,-0.740901199990661,-1.0,1.0,-0.0130772472012632,-3.684671727756848
1.0,0.16844539662179,1.0,1.0,1.0,0.8110035115012788,-6.9734018198938275
-1.0,-1.0,-0.0687453424803783,-0.9725107008956018,0.6291657226564789,-1.0,6.779791472180058
-0.4953630485194216,0.8145175908639732,-0.710402671107871,-0.3074482393824576,-1.0,-1.0,-1.4094160454001772
1.0,-0.4752161374573211,1.0,-0.1988529941698,1.0,0.9114933917646044,-7.313820547632715
0.9138971641249616,1.0,0.7587051474511224,0.512391955814613,-0.7961594862682837,-0.2340176439811767,1.681991064137197
-0.5900613537368489,-0.6041586986983909,-1.0,-1.0,-1.0,-0.5843892735864102,1.0482054825161355
0.129028185206,1.0,0.655294696272714,-1.0,-1.0,1.0,7.665415340104845
-1.0,0.2460813252624261,0.5941744173739343,-0.2231908711562762,-0.0022140282419746,-1.0,2.8681666360281546
1.0,0.73995136816124,1.0,0.2756041518428165,0.9577014299840088,-1.0,-2.394786621737338
1.0,1.0,1.0,1.0,-0.5866703137672542,-1.0,6.486712613424652
-0.6351033747738715,1.0,-1.0,-0.4428477876844827,1.0,-0.0939044918267113,2.797478454611502
1.0,1.0,0.4151187619959908,1.0,0.9527469617387174,-0.9890333698077232,-0.30214598064350817
1.0,1.0,0.0321848860078917,0.4968481960229494,0.3268730147397081,1.0,1.7824744432832293
0.1235569370522187,-1.0,-1.0,-0.3594496811852483,-0.2220818507236603,-0.456890694213041,-1.8750904262803525
1.0,0.8621538657511287,0.7532035318826122,0.8696774398441041,-0.2135205938658178,-0.6294925437156622,2.6816416481568157
-0.9775738779939896,-1.0,-0.3367437597522693,-1.0,0.8917385064824055,-1.0,7.188633371457199
0.9056151405816956,1.0,1.0,1.0,1.0,0.9997764884341576,-9.407664132407296
-1.0,-0.437059965419257,-0.3976615122309423,-1.0,-0.2364527438937129,-1.0,3.732813189653204
0.3083847346165542,1.0,-0.1033768395729619,-1.0,-1.0,1.0,12.382908516150687
-0.0597580128409733,1.0,-0.6214377047837871,-0.9690459495293609,-0.9868631087228904,-0.3360222616182813,2.7827729005751385
-0.859448904491624,1.0,1.0,-0.7571537114325035,1.0,0.9997225239030456,-0.0804325073421488
0.7294796848231078,0.0158931006461415,0.3264457186836675,0.0758087492182848,-1.0,-1.0,5.745788159696733
-1.0,-1.0,-1.0,-0.3361275791070006,-1.0,0.8601873013278436,-1.6329449070058848
0.2101013343712046,0.4027213032782633,1.0,0.7358515234937975,0.0656785546183673,1.0,-2.276675287068149
-1.0,-0.8318631614503933,-0.40458621078188,-1.0,1.0,0.7136120522728138,1.1287397538094905
1.0,1.0,1.0,0.2126161512245228,0.3057813225431336,0.311668822014796,-4.115118309862776
-0.5936783547379423,-0.3063912988418682,-0.3426479260512436,-1.0,1.0,1.0,5.777748462028436
0.4889845179928274,1.0,-0.2528645506659559,0.6024066323085462,1.0,0.2204227779279224,0.2927026611640131
0.324374539703371,0.6578527414012518,-0.8359088556070271,1.0,-1.0,-0.751162866001633,1.710572342235201
1.0,-0.7672517465401179,1.0,-0.7043486892496349,1.0,0.1199794329882693,-5.914568836301254
1.0,1.0,1.0,1.0,-0.1905624150898659,-1.0,3.7248486507578393
1.0,1.0,0.8844508362335028,-0.9663499437937356,0.2525289302209739,-0.4729182463057939,-2.7282420653332915
-1.0,-1.0,-1.0,-0.7721305989005434,-0.1921849651559346,-0.8289240126627646,0.2254445271859815
-1.0,1.0,1.0,-1.0,-1.0,-0.989657670553694,-5.999268390275866
-0.016502823839938,-1.0,-0.1039714075437441,-1.0,-0.4223549003524598,-1.0,7.3128165497617985
-1.0,-0.1221193634845756,-1.0,-1.0,-1.0,1.0,4.864730932093277
-1.0,-1.0,-1.0,-1.0,-1.0,-0.4492424719499901,-0.7143876952352187
0.4249290846829321,-0.9236978966137168,1.0,1.0,1.0,1.0,-1.5715308247241784
0.3174278385090519,-1.0,-0.6681499208298072,-0.4381305807270077,1.0,-0.8744359387615142,-0.6160401342250724
-1.0,-1.0,1.0,1.0,-0.2729572446861015,-0.8254287106381184,-2.076947795997193
-1.0,-1.0,-0.2223855950655962,-0.7163017794178934,1.0,0.8120308668552685,1.7213343501924299
1.0,1.0,1.0,1.0,-1.0,-1.0,8.957226474194364
0.5678338498098476,0.9139716935376914,1.0,0.2534897270375069,-1.0,-0.3511444712371816,-0.23106304939086497
-1.0,0.8832201455204314,-1.0,-0.1403918878792183,-0.8387869241546491,-0.6084858814693144,1.093228897029669
1.0,0.8478148834062966,1.0,0.8483634785111507,1.0,-0.7114654941813157,-4.32613262581356
0.2507402207131703,1.0,1.0,1.0,1.0,0.2110570088773045,-6.957550084369153
0.128806446510781,0.8688837294270697,1.0,1.0,1.0,0.011852407751989,-5.177294424781364
-0.8081385857163086,-1.0,-1.0,-0.4202893228095115,1.0,1.0,3.0334760120893227
-1.0,-0.6557674589647855,-1.0,-0.5375587183727757,-1.0,-1.0,2.283787182547367
1.0,1.0,0.317185982332546,0.5650778245141972,1.0,1.0,-0.30366235438682787
-1.0,-0.9135445153059134,-1.0,-1.0,1.0,-0.259747350092405,-5.70404832386785
-0.5752078735162127,-0.3829309039309825,-1.0,-0.644505461687136,-1.0,-0.7800026623853702,0.22521675220938164
1.0,0.8754379303265631,0.7727027155016604,1.0,-1.0,-1.0,9.756653970924297
-0.9788857106232708,-0.3099319452084679,-0.1458129524761109,-1.0,0.508492024472341,-0.5386284468020994,2.8955669222965508
-1.0,-1.0,-0.2019843805256742,1.0,1.0,-0.9105784981674044,4.676109038228096
0.861838285267188,1.0,-0.2844399193666749,0.4681459464435351,1.0,0.8040537755282349,1.2312471764420785
1.0,1.0,0.4293730512283018,1.0,1.0,0.4533988512593365,-4.653767283353019
1.0,1.0,1.0,0.7968299103769174,-0.1174990567867262,0.4065666008801318,-2.836545084464967
-1.0,-0.9921052872591802,-0.6149191703574917,-1.0,-0.3265147233809358,1.0,-2.2885452570107523
1.0,-0.0849642053904327,0.3198300873626898,1.0,0.6458498757336892,1.0,0.6132131314097482
1.0,1.0,0.6610430861971668,-0.1922349958714819,1.0,0.2320881862252981,-3.1806261389060464
1.0,1.0,-0.3640791671608843,0.9646295039730424,0.9592566960462214,0.826027387742226,-0.13244279546903115
1.0,-1.0,1.0,1.0,-1.0,-1.0,10.944088555903694
-1.0,1.0,0.0188444425496687,0.3407041861720055,1.0,1.0,9.043535746517975
1.0,1.0,0.8123875292460363,1.0,1.0,0.6350385849815579,-7.944940689517645
1.0,1.0,0.2398380681993026,0.3755013190432557,-0.5580572273627633,1.0,4.477646123790258
-0.1972297852555402,-1.0,-1.0,-1.0,1.0,0.5384208215363298,-4.8741135390853385
-1.0,-1.0,1.0,0.0443012040363874,-1.0,1.0,-2.0802934476434833
0.5780649142965166,0.7410421769595628,0.4769103887920889,1.0,0.306697269292367,-0.1682772116240125,-0.9208587170184818
-0.3185004481734848,-1.0,-1.0,-0.4049698306008849,-1.0,1.0,2.7360629732793105
-1.0,-0.9158389106627054,-0.6469404056666492,-0.3696121687932019,-0.9222325873081414,-1.0,1.065351683774959
1.0,0.0272284406149463,1.0,1.0,-1.0,-0.776943677872425,6.734681621082944
-1.0,-0.9670595851210224,-1.0,-0.6990446747076491,-1.0,0.0323532575824838,-3.8591176762719344
-0.9100527695243736,-0.4451872427982291,-0.103065946291891,-0.163855419412749,-1.0,1.0,-0.7360640983819854
1.0,-0.4724731935353374,-0.0552510366343937,0.6784817538982713,-1.0,-0.1787926973647753,4.267341894378182
-0.4823727969834988,-1.0,-1.0,-1.0,-1.0,-0.1000403902214754,-0.03508980230489356
1.0,1.0,0.8734212992330366,0.8428328580996092,0.6267098992196738,1.0,-5.97851133463186
0.6145355875250564,-1.0,1.0,-1.0,0.2514534465395007,-0.6238987197299843,4.847590420779037
1.0,0.8740768275676774,1.0,1.0,0.7045355451406197,0.208695727991103,-6.377793760708893
0.6154668352536721,-0.5011432102350253,-1.0,-1.0,-0.2594206766012961,-0.2801832651956537,0.1332302535958838
-0.8097558059572763,0.0368531872011039,-0.7635332340780925,-0.9221200501676804,1.0,0.6909006205054595,4.808567358690216
0.8193266674798658,0.3551241164262917,1.0,-0.1840119713697903,-0.9650475134242892,-1.0,3.6209325633756455
0.8333924414884639,0.923028099199218,1.0,0.2392147143291525,1.0,0.1930231608676065,-4.8047001763643715
-1.0,-1.0,0.036402102612731,-0.3364136754666298,-0.8224409124517891,-1.0,1.903266636535991
-1.0,-1.0,-0.3608528973543081,-0.1958369883350743,1.0,0.6595218252017281,1.6387481470605918
-0.6964243371337566,-0.7295495105280434,-1.0,-0.8750180473399565,1.0,1.0,3.7883809240282553
-1.0,-1.0,1.0,-1.0,-1.0,-1.0,6.433652283473901
1.0,0.6263420004261773,0.089887718402172,0.8862146564855578,-1.0,-0.0129277634384123,3.56870961926976
1.0,-0.3090822656396643,1.0,1.0,-0.8913577070179501,-0.4818671143774766,5.376683977133436
-1.0,0.1561843483681007,-0.6201938660872461,-1.0,-1.0,-1.0,-0.24877479381107792
-1.0,-0.4397602534797205,0.5526690934864178,-0.9056737118971578,0.8337000314496616,1.0,1.1080784883615449
-1.0,-1.0,-0.3465015067208812,1.0,-0.3362649534795678,-0.3947169062797806,-3.360974058353461
0.6249959366754145,1.0,-1.0,1.0,-1.0,-0.3845974187343677,4.5927984729276305
1.0,0.3537891563492015,1.0,1.0,-1.0,-1.0,8.08161668113633
0.6526339096599363,0.6194014972200128,1.0,1.0,0.812790296603626,1.0,-5.363943949125162
1.0,0.707713016273138,-0.5385979574808832,0.825193929055619,1.0,-0.2125180135539477,-1.9299541658655168
1.0,-1.0,0.3050863736428502,0.7111706512946974,-1.0,0.1244142487405159,6.3327878895240755
-0.7532707182380156,0.356747909244905,-0.1702229275907965,1.0,1.0,-1.0,4.3292311533194745
-0.310462093528709,-0.685562314862967,1.0,-0.3622305421353042,-1.0,-0.0487152698282589,0.3054026778666221
-0.8694943571749021,-1.0,-0.7205610596201888,-1.0,0.7005643297656625,0.6483472581895973,-3.857304463343197
1.0,1.0,1.0,0.1866460477686933,-0.668583056231848,-0.9151290773873983,2.4501996407128614
0.6731254985565145,0.9549929731464372,0.2647653709735889,1.0,0.4048521616796481,1.0,0.5048250962903789
-1.0,0.4591785216734603,-1.0,-0.1768384582913356,-0.7548049885138717,-1.0,3.191274049658009
-0.5978889546457336,-0.5572662457754165,-0.0544198865588336,-0.7307780894384905,-0.5300465474414389,-0.8161630235400372,2.1323582911991763
0.3237020134360302,0.78066937664354,1.0,0.659691113216232,0.625278998918529,0.4365065459002513,-3.4978556334106794
1.0,1.0,0.6620787568590216,1.0,-0.709629125320481,-1.0,9.08880192241563
-1.0,0.9126962589567396,-0.6750155273475396,-1.0,0.0211806056043692,0.4065535277177199,1.5871081710960988
-0.041229000473433,-0.2299650934325736,-0.3825462774349433,-1.0,1.0,0.0763815656487905,1.6043178574940042
1.0,0.805681694906696,0.3168923570027715,0.4601060236260872,1.0,1.0,-0.15589327652657126
0.0563832873529843,0.3827708496572026,1.0,0.8707969562341358,1.0,0.7151853314239336,-2.5189951889397473
